21 ST,INDR36000-00-00,02/01/2020,00:00:00,0000626108
21 ST,INDR36000-00-00,02/01/2020,04:00:00,0000626149
21 ST,INDR36000-00-00,02/01/2020,08:00:00,0000626155
21 ST,INDR36000-00-00,02/01/2020,12:00:00,0000626213
21 ST,INDR36000-00-00,02/01/2020,16:00:00,0000626293
21 ST,INDR36000-00-00,02/01/2020,20:00:00,0000626430
21 ST,INDR36000-00-00,02/02/2020,00:00:00,0000626485
21 ST,INDR36000-00-00,02/02/2020,04:00:00,0000626507
21 ST,INDR36000-00-00,02/02/2020,08:00:00,0000626519
21 ST,INDR36000-00-00,02/02/2020,12:00:00,0000626556
21 ST,INDR36000-00-00,02/02/2020,16:00:00,0000626634
21 ST,INDR36000-00-00,02/02/2020,20:00:00,0000626745
21 ST,INDR36000-00-00,02/03/2020,00:00:00,0000626808
21 ST,INDR36000-00-00,02/03/2020,04:00:00,0000626817
21 ST,INDR36000-00-00,02/03/2020,08:00:00,0000626860
21 ST,INDR36000-00-00,02/03/2020,12:00:00,0000626933
21 ST,INDR36000-00-00,02/03/2020,16:00:00,0000627027
21 ST,INDR36000-00-00,02/03/2020,20:00:00,0000627302
21 ST,INDR36000-00-00,02/04/2020,00:00:00,0000627374
21 ST,INDR36000-00-00,02/04/2020,04:00:00,0000627394
21 ST,INDR36000-00-00,02/04/2020,08:00:00,0000627432
21 ST,INDR36000-00-00,02/04/2020,12:00:00,0000627511
21 ST,INDR36000-00-00,02/04/2020,16:00:00,0000627615
21 ST,INDR36000-00-00,02/04/2020,20:00:00,0000627941
21 ST,INDR36000-00-00,02/05/2020,00:00:00,0000628032
21 ST,INDR36000-00-00,02/05/2020,04:00:00,0000628059
21 ST,INDR36000-00-00,02/05/2020,08:00:00,0000628094
21 ST,INDR36000-00-00,02/05/2020,12:00:00,0000628169
21 ST,INDR36000-00-00,02/05/2020,16:00:00,0000628278
21 ST,INDR36000-00-00,02/05/2020,20:00:00,0000628573
21 ST,INDR36000-00-00,02/06/2020,00:00:00,0000628645
21 ST,INDR36000-00-00,02/06/2020,04:00:00,0000628671
21 ST,INDR36000-00-00,02/06/2020,08:00:00,0000628723
21 ST,INDR36000-00-00,02/06/2020,12:00:00,0000628802
21 ST,INDR36000-00-00,02/06/2020,16:00:00,0000628908
21 ST,INDR36000-00-00,02/06/2020,20:00:00,0000629218
21 ST,INDR36000-00-00,02/07/2020,00:00:00,0000629289
21 ST,INDR36000-00-00,02/07/2020,04:00:00,0000629326
21 ST,INDR36000-00-00,02/07/2020,08:00:00,0000629371
21 ST,INDR36000-00-00,02/07/2020,12:00:00,0000629448
21 ST,INDR36000-00-00,02/07/2020,16:00:00,0000629570
21 ST,INDR36000-00-00,02/07/2020,20:00:00,0000629830
21 ST,INDR36000-00-01,02/01/2020,00:00:00,0000477509
21 ST,INDR36000-00-01,02/01/2020,04:00:00,0000477525
21 ST,INDR36000-00-01,02/01/2020,08:00:00,0000477530
21 ST,INDR36000-00-01,02/01/2020,12:00:00,0000477565
21 ST,INDR36000-00-01,02/01/2020,16:00:00,0000477643
21 ST,INDR36000-00-01,02/01/2020,20:00:00,0000477748
21 ST,INDR36000-00-01,02/02/2020,00:00:00,0000477789
21 ST,INDR36000-00-01,02/02/2020,04:00:00,0000477806
21 ST,INDR36000-00-01,02/02/2020,08:00:00,0000477807
21 ST,INDR36000-00-01,02/02/2020,12:00:00,0000477831
21 ST,INDR36000-00-01,02/02/2020,16:00:00,0000477904
21 ST,INDR36000-00-01,02/02/2020,20:00:00,0000477980
21 ST,INDR36000-00-01,02/03/2020,00:00:00,0000478025
21 ST,INDR36000-00-01,02/03/2020,04:00:00,0000478030
21 ST,INDR36000-00-01,02/03/2020,08:00:00,0000478043
21 ST,INDR36000-00-01,02/03/2020,12:00:00,0000478091
21 ST,INDR36000-00-01,02/03/2020,16:00:00,0000478151
21 ST,INDR36000-00-01,02/03/2020,20:00:00,0000478337
21 ST,INDR36000-00-01,02/04/2020,00:00:00,0000478369
21 ST,INDR36000-00-01,02/04/2020,04:00:00,0000478389
21 ST,INDR36000-00-01,02/04/2020,08:00:00,0000478410
21 ST,INDR36000-00-01,02/04/2020,12:00:00,0000478456
21 ST,INDR36000-00-01,02/04/2020,16:00:00,0000478522
21 ST,INDR36000-00-01,02/04/2020,20:00:00,0000478718
21 ST,INDR36000-00-01,02/05/2020,00:00:00,0000478766
21 ST,INDR36000-00-01,02/05/2020,04:00:00,0000478781
21 ST,INDR36000-00-01,02/05/2020,08:00:00,0000478803
21 ST,INDR36000-00-01,02/05/2020,12:00:00,0000478845
21 ST,INDR36000-00-01,02/05/2020,16:00:00,0000478908
21 ST,INDR36000-00-01,02/05/2020,20:00:00,0000479083
21 ST,INDR36000-00-01,02/06/2020,00:00:00,0000479134
21 ST,INDR36000-00-01,02/06/2020,04:00:00,0000479150
21 ST,INDR36000-00-01,02/06/2020,08:00:00,0000479179
21 ST,INDR36000-00-01,02/06/2020,12:00:00,0000479219
21 ST,INDR36000-00-01,02/06/2020,16:00:00,0000479268
21 ST,INDR36000-00-01,02/06/2020,20:00:00,0000479454
21 ST,INDR36000-00-01,02/07/2020,00:00:00,0000479513
21 ST,INDR36000-00-01,02/07/2020,04:00:00,0000479529
21 ST,INDR36000-00-01,02/07/2020,08:00:00,0000479553
21 ST,INDR36000-00-01,02/07/2020,12:00:00,0000479604
21 ST,INDR36000-00-01,02/07/2020,16:00:00,0000479674
21 ST,INDR36000-00-01,02/07/2020,20:00:00,0000479844
21 ST,INDR36000-00-02,02/01/2020,00:00:00,0003431999
21 ST,INDR36000-00-02,02/01/2020,04:00:00,0003432025
21 ST,INDR36000-00-02,02/01/2020,08:00:00,0003432032
21 ST,INDR36000-00-02,02/01/2020,12:00:00,0003432111
21 ST,INDR36000-00-02,02/01/2020,16:00:00,0003432256
21 ST,INDR36000-00-02,02/01/2020,20:00:00,0003432443
21 ST,INDR36000-00-02,02/02/2020,00:00:00,0003432533
21 ST,INDR36000-00-02,02/02/2020,04:00:00,0003432565
21 ST,INDR36000-00-02,02/02/2020,08:00:00,0003432571
21 ST,INDR36000-00-02,02/02/2020,12:00:00,0003432631
21 ST,INDR36000-00-02,02/02/2020,16:00:00,0003432735
21 ST,INDR36000-00-02,02/02/2020,20:00:00,0003432888
21 ST,INDR36000-00-02,02/03/2020,00:00:00,0003432980
21 ST,INDR36000-00-02,02/03/2020,04:00:00,0003432990
21 ST,INDR36000-00-02,02/03/2020,08:00:00,0003433043
21 ST,INDR36000-00-02,02/03/2020,12:00:00,0003433146
21 ST,INDR36000-00-02,02/03/2020,16:00:00,0003433267
21 ST,INDR36000-00-02,02/03/2020,20:00:00,0003433583
21 ST,INDR36000-00-02,02/04/2020,00:00:00,0003433668
21 ST,INDR36000-00-02,02/04/2020,04:00:00,0003433687
21 ST,INDR36000-00-02,02/04/2020,08:00:00,0003433741
21 ST,INDR36000-00-02,02/04/2020,12:00:00,0003433849
21 ST,INDR36000-00-02,02/04/2020,16:00:00,0003433974
21 ST,INDR36000-00-02,02/04/2020,20:00:00,0003434320
21 ST,INDR36000-00-02,02/05/2020,00:00:00,0003434425
21 ST,INDR36000-00-02,02/05/2020,04:00:00,0003434449
21 ST,INDR36000-00-02,02/05/2020,08:00:00,0003434506
21 ST,INDR36000-00-02,02/05/2020,12:00:00,0003434633
21 ST,INDR36000-00-02,02/05/2020,16:00:00,0003434757
21 ST,INDR36000-00-02,02/05/2020,20:00:00,0003435127
21 ST,INDR36000-00-02,02/06/2020,00:00:00,0003435231
21 ST,INDR36000-00-02,02/06/2020,04:00:00,0003435246
21 ST,INDR36000-00-02,02/06/2020,08:00:00,0003435302
21 ST,INDR36000-00-02,02/06/2020,12:00:00,0003435409
21 ST,INDR36000-00-02,02/06/2020,16:00:00,0003435532
21 ST,INDR36000-00-02,02/06/2020,20:00:00,0003435848
21 ST,INDR36000-00-02,02/07/2020,00:00:00,0003435969
21 ST,INDR36000-00-02,02/07/2020,04:00:00,0003435989
21 ST,INDR36000-00-02,02/07/2020,08:00:00,0003436042
21 ST,INDR36000-00-02,02/07/2020,12:00:00,0003436151
21 ST,INDR36000-00-02,02/07/2020,16:00:00,0003436286
21 ST,INDR36000-00-02,02/07/2020,20:00:00,0003436618
21 ST,INDR36000-00-00,02/08/2020,00:00:00,0000629912
21 ST,INDR36000-00-00,02/08/2020,04:00:00,0000629935
21 ST,INDR36000-00-00,02/08/2020,08:00:00,0000629954
21 ST,INDR36000-00-00,02/08/2020,12:00:00,0000630012
21 ST,INDR36000-00-00,02/08/2020,16:00:00,0000630113
21 ST,INDR36000-00-00,02/08/2020,20:00:00,0000630245
21 ST,INDR36000-00-00,02/09/2020,00:00:00,0000630311
21 ST,INDR36000-00-00,02/09/2020,04:00:00,0000630335
21 ST,INDR36000-00-00,02/09/2020,08:00:00,0000630346
21 ST,INDR36000-00-00,02/09/2020,12:00:00,0000630379
21 ST,INDR36000-00-00,02/09/2020,16:00:00,0000630433
21 ST,INDR36000-00-00,02/09/2020,20:00:00,0000630561
21 ST,INDR36000-00-00,02/10/2020,00:00:00,0000630595
21 ST,INDR36000-00-00,02/10/2020,04:00:00,0000630609
21 ST,INDR36000-00-00,02/10/2020,08:00:00,0000630664
21 ST,INDR36000-00-00,02/10/2020,12:00:00,0000630749
21 ST,INDR36000-00-00,02/10/2020,16:00:00,0000630843
21 ST,INDR36000-00-00,02/10/2020,20:00:00,0000631145
21 ST,INDR36000-00-00,02/11/2020,00:00:00,0000631217
21 ST,INDR36000-00-00,02/11/2020,04:00:00,0000631238
21 ST,INDR36000-00-00,02/11/2020,08:00:00,0000631281
21 ST,INDR36000-00-00,02/11/2020,12:00:00,0000631347
21 ST,INDR36000-00-00,02/11/2020,16:00:00,0000631447
21 ST,INDR36000-00-00,02/11/2020,20:00:00,0000631738
21 ST,INDR36000-00-00,02/12/2020,00:00:00,0000631816
21 ST,INDR36000-00-00,02/12/2020,04:00:00,0000631829
21 ST,INDR36000-00-00,02/12/2020,08:00:00,0000631883
21 ST,INDR36000-00-00,02/12/2020,12:00:00,0000631955
21 ST,INDR36000-00-00,02/12/2020,16:00:00,0000632079
21 ST,INDR36000-00-00,02/12/2020,20:00:00,0000632375
21 ST,INDR36000-00-00,02/13/2020,00:00:00,0000632452
21 ST,INDR36000-00-00,02/13/2020,04:00:00,0000632476
21 ST,INDR36000-00-00,02/13/2020,08:00:00,0000632525
21 ST,INDR36000-00-00,02/13/2020,12:00:00,0000632605
21 ST,INDR36000-00-00,02/13/2020,16:00:00,0000632722
21 ST,INDR36000-00-00,02/13/2020,20:00:00,0000633021
21 ST,INDR36000-00-00,02/14/2020,00:00:00,0000633096
21 ST,INDR36000-00-00,02/14/2020,04:00:00,0000633128
21 ST,INDR36000-00-00,02/14/2020,08:00:00,0000633184
21 ST,INDR36000-00-00,02/14/2020,12:00:00,0000633268
21 ST,INDR36000-00-00,02/14/2020,16:00:00,0000633383
21 ST,INDR36000-00-00,02/14/2020,20:00:00,0000633644
21 ST,INDR36000-00-01,02/08/2020,00:00:00,0000479898
21 ST,INDR36000-00-01,02/08/2020,04:00:00,0000479909
21 ST,INDR36000-00-01,02/08/2020,08:00:00,0000479915
21 ST,INDR36000-00-01,02/08/2020,12:00:00,0000479947
21 ST,INDR36000-00-01,02/08/2020,16:00:00,0000480038
21 ST,INDR36000-00-01,02/08/2020,20:00:00,0000480125
21 ST,INDR36000-00-01,02/09/2020,00:00:00,0000480176
21 ST,INDR36000-00-01,02/09/2020,04:00:00,0000480194
21 ST,INDR36000-00-01,02/09/2020,08:00:00,0000480195
21 ST,INDR36000-00-01,02/09/2020,12:00:00,0000480227
21 ST,INDR36000-00-01,02/09/2020,16:00:00,0000480289
21 ST,INDR36000-00-01,02/09/2020,20:00:00,0000480406
21 ST,INDR36000-00-01,02/10/2020,00:00:00,0000480437
21 ST,INDR36000-00-01,02/10/2020,04:00:00,0000480447
21 ST,INDR36000-00-01,02/10/2020,08:00:00,0000480468
21 ST,INDR36000-00-01,02/10/2020,12:00:00,0000480499
21 ST,INDR36000-00-01,02/10/2020,16:00:00,0000480557
21 ST,INDR36000-00-01,02/10/2020,20:00:00,0000480730
21 ST,INDR36000-00-01,02/11/2020,00:00:00,0000480771
21 ST,INDR36000-00-01,02/11/2020,04:00:00,0000480779
21 ST,INDR36000-00-01,02/11/2020,08:00:00,0000480804
21 ST,INDR36000-00-01,02/11/2020,12:00:00,0000480846
21 ST,INDR36000-00-01,02/11/2020,16:00:00,0000480914
21 ST,INDR36000-00-01,02/11/2020,20:00:00,0000481087
21 ST,INDR36000-00-01,02/12/2020,00:00:00,0000481150
21 ST,INDR36000-00-01,02/12/2020,04:00:00,0000481165
21 ST,INDR36000-00-01,02/12/2020,08:00:00,0000481192
21 ST,INDR36000-00-01,02/12/2020,12:00:00,0000481222
21 ST,INDR36000-00-01,02/12/2020,16:00:00,0000481281
21 ST,INDR36000-00-01,02/12/2020,20:00:00,0000481453
21 ST,INDR36000-00-01,02/13/2020,00:00:00,0000481502
21 ST,INDR36000-00-01,02/13/2020,04:00:00,0000481505
21 ST,INDR36000-00-01,02/13/2020,08:00:00,0000481529
21 ST,INDR36000-00-01,02/13/2020,12:00:00,0000481569
21 ST,INDR36000-00-01,02/13/2020,16:00:00,0000481647
21 ST,INDR36000-00-01,02/13/2020,20:00:00,0000481819
21 ST,INDR36000-00-01,02/14/2020,00:00:00,0000481867
21 ST,INDR36000-00-01,02/14/2020,04:00:00,0000481880
21 ST,INDR36000-00-01,02/14/2020,08:00:00,0000481909
21 ST,INDR36000-00-01,02/14/2020,12:00:00,0000481954
21 ST,INDR36000-00-01,02/14/2020,16:00:00,0000482026
21 ST,INDR36000-00-01,02/14/2020,20:00:00,0000482192
21 ST,INDR36000-00-02,02/08/2020,00:00:00,0003436722
21 ST,INDR36000-00-02,02/08/2020,04:00:00,0003436747
21 ST,INDR36000-00-02,02/08/2020,08:00:00,0003436758
21 ST,INDR36000-00-02,02/08/2020,12:00:00,0003436836
21 ST,INDR36000-00-02,02/08/2020,16:00:00,0003436984
21 ST,INDR36000-00-02,02/08/2020,20:00:00,0003437175
21 ST,INDR36000-00-02,02/09/2020,00:00:00,0003437269
21 ST,INDR36000-00-02,02/09/2020,04:00:00,0003437297
21 ST,INDR36000-00-02,02/09/2020,08:00:00,0003437304
21 ST,INDR36000-00-02,02/09/2020,12:00:00,0003437385
21 ST,INDR36000-00-02,02/09/2020,16:00:00,0003437516
21 ST,INDR36000-00-02,02/09/2020,20:00:00,0003437704
21 ST,INDR36000-00-02,02/10/2020,00:00:00,0003437766
21 ST,INDR36000-00-02,02/10/2020,04:00:00,0003437787
21 ST,INDR36000-00-02,02/10/2020,08:00:00,0003437824
21 ST,INDR36000-00-02,02/10/2020,12:00:00,0003437911
21 ST,INDR36000-00-02,02/10/2020,16:00:00,0003438022
21 ST,INDR36000-00-02,02/10/2020,20:00:00,0003438318
21 ST,INDR36000-00-02,02/11/2020,00:00:00,0003438402
21 ST,INDR36000-00-02,02/11/2020,04:00:00,0003438413
21 ST,INDR36000-00-02,02/11/2020,08:00:00,0003438457
21 ST,INDR36000-00-02,02/11/2020,12:00:00,0003438566
21 ST,INDR36000-00-02,02/11/2020,16:00:00,0003438695
21 ST,INDR36000-00-02,02/11/2020,20:00:00,0003439056
21 ST,INDR36000-00-02,02/12/2020,00:00:00,0003439170
21 ST,INDR36000-00-02,02/12/2020,04:00:00,0003439199
21 ST,INDR36000-00-02,02/12/2020,08:00:00,0003439249
21 ST,INDR36000-00-02,02/12/2020,12:00:00,0003439349
21 ST,INDR36000-00-02,02/12/2020,16:00:00,0003439476
21 ST,INDR36000-00-02,02/12/2020,20:00:00,0003439818
21 ST,INDR36000-00-02,02/13/2020,00:00:00,0003439936
21 ST,INDR36000-00-02,02/13/2020,04:00:00,0003439953
21 ST,INDR36000-00-02,02/13/2020,08:00:00,0003440011
21 ST,INDR36000-00-02,02/13/2020,12:00:00,0003440133
21 ST,INDR36000-00-02,02/13/2020,16:00:00,0003440276
21 ST,INDR36000-00-02,02/13/2020,20:00:00,0003440639
21 ST,INDR36000-00-02,02/14/2020,00:00:00,0003440766
21 ST,INDR36000-00-02,02/14/2020,04:00:00,0003440791
21 ST,INDR36000-00-02,02/14/2020,08:00:00,0003440840
21 ST,INDR36000-00-02,02/14/2020,12:00:00,0003440954
21 ST,INDR36000-00-02,02/14/2020,16:00:00,0003441095
21 ST,INDR36000-00-02,02/14/2020,20:00:00,0003441422
21 ST,INDR36000-00-00,02/15/2020,00:00:00,0000633699
21 ST,INDR36000-00-00,02/15/2020,04:00:00,0000633718
21 ST,INDR36000-00-00,02/15/2020,08:00:00,0000633734
21 ST,INDR36000-00-00,02/15/2020,16:00:00,0000633845
21 ST,INDR36000-00-00,02/15/2020,20:00:00,0000633960
21 ST,INDR36000-00-00,02/16/2020,00:00:00,0000634007
21 ST,INDR36000-00-00,02/16/2020,04:00:00,0000634021
21 ST,INDR36000-00-00,02/16/2020,08:00:00,0000634031
21 ST,INDR36000-00-00,02/16/2020,12:00:00,0000634079
21 ST,INDR36000-00-00,02/16/2020,16:00:00,0000634152
21 ST,INDR36000-00-00,02/16/2020,20:00:00,0000634257
21 ST,INDR36000-00-00,02/17/2020,00:00:00,0000634299
21 ST,INDR36000-00-00,02/17/2020,04:00:00,0000634315
21 ST,INDR36000-00-00,02/17/2020,08:00:00,0000634337
21 ST,INDR36000-00-00,02/17/2020,12:00:00,0000634390
21 ST,INDR36000-00-00,02/17/2020,16:00:00,0000634499
21 ST,INDR36000-00-00,02/17/2020,20:00:00,0000634678
21 ST,INDR36000-00-00,02/18/2020,00:00:00,0000634732
21 ST,INDR36000-00-00,02/18/2020,04:00:00,0000634752
21 ST,INDR36000-00-00,02/18/2020,08:00:00,0000634795
21 ST,INDR36000-00-00,02/18/2020,12:00:00,0000634858
21 ST,INDR36000-00-00,02/18/2020,16:00:00,0000634952
21 ST,INDR36000-00-00,02/18/2020,20:00:00,0000635231
21 ST,INDR36000-00-00,02/19/2020,00:00:00,0000635297
21 ST,INDR36000-00-00,02/19/2020,04:00:00,0000635320
21 ST,INDR36000-00-00,02/19/2020,08:00:00,0000635365
21 ST,INDR36000-00-00,02/19/2020,12:00:00,0000635439
21 ST,INDR36000-00-00,02/19/2020,16:00:00,0000635539
21 ST,INDR36000-00-00,02/19/2020,20:00:00,0000635820
21 ST,INDR36000-00-00,02/20/2020,00:00:00,0000635880
21 ST,INDR36000-00-00,02/20/2020,04:00:00,0000635912
21 ST,INDR36000-00-00,02/20/2020,08:00:00,0000635957
21 ST,INDR36000-00-00,02/20/2020,12:00:00,0000636037
21 ST,INDR36000-00-00,02/20/2020,16:00:00,0000636125
21 ST,INDR36000-00-00,02/20/2020,20:00:00,0000636408
21 ST,INDR36000-00-00,02/21/2020,00:00:00,0000636491
21 ST,INDR36000-00-00,02/21/2020,04:00:00,0000636526
21 ST,INDR36000-00-00,02/21/2020,08:00:00,0000636560
21 ST,INDR36000-00-00,02/21/2020,12:00:00,0000636645
21 ST,INDR36000-00-00,02/21/2020,16:00:00,0000636770
21 ST,INDR36000-00-00,02/21/2020,20:00:00,0000637031
21 ST,INDR36000-00-01,02/15/2020,00:00:00,0000482238
21 ST,INDR36000-00-01,02/15/2020,04:00:00,0000482255
21 ST,INDR36000-00-01,02/15/2020,08:00:00,0000482258
21 ST,INDR36000-00-01,02/15/2020,16:00:00,0000482368
21 ST,INDR36000-00-01,02/15/2020,20:00:00,0000482471
21 ST,INDR36000-00-01,02/16/2020,00:00:00,0000482516
21 ST,INDR36000-00-01,02/16/2020,04:00:00,0000482530
21 ST,INDR36000-00-01,02/16/2020,08:00:00,0000482532
21 ST,INDR36000-00-01,02/16/2020,12:00:00,0000482567
21 ST,INDR36000-00-01,02/16/2020,16:00:00,0000482627
21 ST,INDR36000-00-01,02/16/2020,20:00:00,0000482735
21 ST,INDR36000-00-01,02/17/2020,00:00:00,0000482777
21 ST,INDR36000-00-01,02/17/2020,04:00:00,0000482786
21 ST,INDR36000-00-01,02/17/2020,08:00:00,0000482794
21 ST,INDR36000-00-01,02/17/2020,12:00:00,0000482823
21 ST,INDR36000-00-01,02/17/2020,16:00:00,0000482896
21 ST,INDR36000-00-01,02/17/2020,20:00:00,0000483021
21 ST,INDR36000-00-01,02/18/2020,00:00:00,0000483049
21 ST,INDR36000-00-01,02/18/2020,04:00:00,0000483052
21 ST,INDR36000-00-01,02/18/2020,08:00:00,0000483067
21 ST,INDR36000-00-01,02/18/2020,12:00:00,0000483107
21 ST,INDR36000-00-01,02/18/2020,16:00:00,0000483158
21 ST,INDR36000-00-01,02/18/2020,20:00:00,0000483321
21 ST,INDR36000-00-01,02/19/2020,00:00:00,0000483381
21 ST,INDR36000-00-01,02/19/2020,04:00:00,0000483401
21 ST,INDR36000-00-01,02/19/2020,08:00:00,0000483416
21 ST,INDR36000-00-01,02/19/2020,12:00:00,0000483459
21 ST,INDR36000-00-01,02/19/2020,16:00:00,0000483497
21 ST,INDR36000-00-01,02/19/2020,20:00:00,0000483665
21 ST,INDR36000-00-01,02/20/2020,00:00:00,0000483703
21 ST,INDR36000-00-01,02/20/2020,04:00:00,0000483721
21 ST,INDR36000-00-01,02/20/2020,08:00:00,0000483732
21 ST,INDR36000-00-01,02/20/2020,12:00:00,0000483794
21 ST,INDR36000-00-01,02/20/2020,16:00:00,0000483838
21 ST,INDR36000-00-01,02/20/2020,20:00:00,0000483996
21 ST,INDR36000-00-01,02/21/2020,00:00:00,0000484049
21 ST,INDR36000-00-01,02/21/2020,04:00:00,0000484065
21 ST,INDR36000-00-01,02/21/2020,08:00:00,0000484084
21 ST,INDR36000-00-01,02/21/2020,12:00:00,0000484158
21 ST,INDR36000-00-01,02/21/2020,16:00:00,0000484226
21 ST,INDR36000-00-01,02/21/2020,20:00:00,0000484393
21 ST,INDR36000-00-02,02/15/2020,00:00:00,0003441501
21 ST,INDR36000-00-02,02/15/2020,04:00:00,0003441536
21 ST,INDR36000-00-02,02/15/2020,08:00:00,0003441544
21 ST,INDR36000-00-02,02/15/2020,16:00:00,0003441728
21 ST,INDR36000-00-02,02/15/2020,20:00:00,0003441886
21 ST,INDR36000-00-02,02/16/2020,00:00:00,0003441972
21 ST,INDR36000-00-02,02/16/2020,04:00:00,0003441996
21 ST,INDR36000-00-02,02/16/2020,08:00:00,0003442002
21 ST,INDR36000-00-02,02/16/2020,12:00:00,0003442062
21 ST,INDR36000-00-02,02/16/2020,16:00:00,0003442173
21 ST,INDR36000-00-02,02/16/2020,20:00:00,0003442308
21 ST,INDR36000-00-02,02/17/2020,00:00:00,0003442393
21 ST,INDR36000-00-02,02/17/2020,04:00:00,0003442410
21 ST,INDR36000-00-02,02/17/2020,08:00:00,0003442426
21 ST,INDR36000-00-02,02/17/2020,12:00:00,0003442484
21 ST,INDR36000-00-02,02/17/2020,16:00:00,0003442607
21 ST,INDR36000-00-02,02/17/2020,20:00:00,0003442837
21 ST,INDR36000-00-02,02/18/2020,00:00:00,0003442929
21 ST,INDR36000-00-02,02/18/2020,04:00:00,0003442942
21 ST,INDR36000-00-02,02/18/2020,08:00:00,0003442972
21 ST,INDR36000-00-02,02/18/2020,12:00:00,0003443075
21 ST,INDR36000-00-02,02/18/2020,16:00:00,0003443179
21 ST,INDR36000-00-02,02/18/2020,20:00:00,0003443490
21 ST,INDR36000-00-02,02/19/2020,00:00:00,0003443583
21 ST,INDR36000-00-02,02/19/2020,04:00:00,0003443607
21 ST,INDR36000-00-02,02/19/2020,08:00:00,0003443642
21 ST,INDR36000-00-02,02/19/2020,12:00:00,0003443748
21 ST,INDR36000-00-02,02/19/2020,16:00:00,0003443862
21 ST,INDR36000-00-02,02/19/2020,20:00:00,0003444182
21 ST,INDR36000-00-02,02/20/2020,00:00:00,0003444288
21 ST,INDR36000-00-02,02/20/2020,04:00:00,0003444308
21 ST,INDR36000-00-02,02/20/2020,08:00:00,0003444348
21 ST,INDR36000-00-02,02/20/2020,12:00:00,0003444448
21 ST,INDR36000-00-02,02/20/2020,16:00:00,0003444572
21 ST,INDR36000-00-02,02/20/2020,20:00:00,0003444910
21 ST,INDR36000-00-02,02/21/2020,00:00:00,0003445019
21 ST,INDR36000-00-02,02/21/2020,04:00:00,0003445039
21 ST,INDR36000-00-02,02/21/2020,08:00:00,0003445077
21 ST,INDR36000-00-02,02/21/2020,12:00:00,0003445204
21 ST,INDR36000-00-02,02/21/2020,16:00:00,0003445337
21 ST,INDR36000-00-02,02/21/2020,20:00:00,0003445647
21 ST,INDR36000-00-00,02/22/2020,00:00:00,0000637110
21 ST,INDR36000-00-00,02/22/2020,04:00:00,0000637141
21 ST,INDR36000-00-00,02/22/2020,08:00:00,0000637159
21 ST,INDR36000-00-00,02/22/2020,12:00:00,0000637207
21 ST,INDR36000-00-00,02/22/2020,16:00:00,0000637306
21 ST,INDR36000-00-00,02/22/2020,20:00:00,0000637423
21 ST,INDR36000-00-00,02/23/2020,00:00:00,0000637495
21 ST,INDR36000-00-00,02/23/2020,04:00:00,0000637519
21 ST,INDR36000-00-00,02/23/2020,08:00:00,0000637529
21 ST,INDR36000-00-00,02/23/2020,12:00:00,0000637562
21 ST,INDR36000-00-00,02/23/2020,16:00:00,0000637646
21 ST,INDR36000-00-00,02/23/2020,20:00:00,0000637748
21 ST,INDR36000-00-00,02/24/2020,00:00:00,0000637786
21 ST,INDR36000-00-00,02/24/2020,04:00:00,0000637796
21 ST,INDR36000-00-00,02/24/2020,08:00:00,0000637841
21 ST,INDR36000-00-00,02/24/2020,12:00:00,0000637908
21 ST,INDR36000-00-00,02/24/2020,16:00:00,0000637997
21 ST,INDR36000-00-00,02/24/2020,20:00:00,0000638288
21 ST,INDR36000-00-00,02/25/2020,00:00:00,0000638356
21 ST,INDR36000-00-00,02/25/2020,04:00:00,0000638371
21 ST,INDR36000-00-00,02/25/2020,08:00:00,0000638421
21 ST,INDR36000-00-00,02/25/2020,12:00:00,0000638502
21 ST,INDR36000-00-00,02/25/2020,16:00:00,0000638601
21 ST,INDR36000-00-00,02/25/2020,20:00:00,0000638911
21 ST,INDR36000-00-00,02/26/2020,00:00:00,0000638986
21 ST,INDR36000-00-00,02/26/2020,04:00:00,0000639003
21 ST,INDR36000-00-00,02/26/2020,08:00:00,0000639040
21 ST,INDR36000-00-00,02/26/2020,12:00:00,0000639135
21 ST,INDR36000-00-00,02/26/2020,16:00:00,0000639241
21 ST,INDR36000-00-00,02/26/2020,20:00:00,0000639549
21 ST,INDR36000-00-00,02/27/2020,00:00:00,0000639626
21 ST,INDR36000-00-00,02/27/2020,04:00:00,0000639650
21 ST,INDR36000-00-00,02/27/2020,08:00:00,0000639696
21 ST,INDR36000-00-00,02/27/2020,12:00:00,0000639787
21 ST,INDR36000-00-00,02/27/2020,16:00:00,0000639901
21 ST,INDR36000-00-00,02/27/2020,20:00:00,0000640202
21 ST,INDR36000-00-00,02/28/2020,00:00:00,0000640251
21 ST,INDR36000-00-00,02/28/2020,04:00:00,0000640275
21 ST,INDR36000-00-00,02/28/2020,08:00:00,0000640321
21 ST,INDR36000-00-00,02/28/2020,12:00:00,0000640392
21 ST,INDR36000-00-00,02/28/2020,16:00:00,0000640510
21 ST,INDR36000-00-00,02/28/2020,20:00:00,0000640807
21 ST,INDR36000-00-01,02/22/2020,00:00:00,0000484458
21 ST,INDR36000-00-01,02/22/2020,04:00:00,0000484476
21 ST,INDR36000-00-01,02/22/2020,08:00:00,0000484487
21 ST,INDR36000-00-01,02/22/2020,12:00:00,0000484532
21 ST,INDR36000-00-01,02/22/2020,16:00:00,0000484594
21 ST,INDR36000-00-01,02/22/2020,20:00:00,0000484722
21 ST,INDR36000-00-01,02/23/2020,00:00:00,0000484790
21 ST,INDR36000-00-01,02/23/2020,04:00:00,0000484810
21 ST,INDR36000-00-01,02/23/2020,08:00:00,0000484812
21 ST,INDR36000-00-01,02/23/2020,12:00:00,0000484855
21 ST,INDR36000-00-01,02/23/2020,16:00:00,0000484923
21 ST,INDR36000-00-01,02/23/2020,20:00:00,0000485003
21 ST,INDR36000-00-01,02/24/2020,00:00:00,0000485039
21 ST,INDR36000-00-01,02/24/2020,04:00:00,0000485040
21 ST,INDR36000-00-01,02/24/2020,08:00:00,0000485056
21 ST,INDR36000-00-01,02/24/2020,12:00:00,0000485106
21 ST,INDR36000-00-01,02/24/2020,16:00:00,0000485154
21 ST,INDR36000-00-01,02/24/2020,20:00:00,0000485338
21 ST,INDR36000-00-01,02/25/2020,00:00:00,0000485382
21 ST,INDR36000-00-01,02/25/2020,04:00:00,0000485386
21 ST,INDR36000-00-01,02/25/2020,08:00:00,0000485403
21 ST,INDR36000-00-01,02/25/2020,12:00:00,0000485445
21 ST,INDR36000-00-01,02/25/2020,16:00:00,0000485502
21 ST,INDR36000-00-01,02/25/2020,20:00:00,0000485674
21 ST,INDR36000-00-01,02/26/2020,00:00:00,0000485712
21 ST,INDR36000-00-01,02/26/2020,04:00:00,0000485723
21 ST,INDR36000-00-01,02/26/2020,08:00:00,0000485745
21 ST,INDR36000-00-01,02/26/2020,12:00:00,0000485787
21 ST,INDR36000-00-01,02/26/2020,16:00:00,0000485842
21 ST,INDR36000-00-01,02/26/2020,20:00:00,0000486005
21 ST,INDR36000-00-01,02/27/2020,00:00:00,0000486067
21 ST,INDR36000-00-01,02/27/2020,04:00:00,0000486075
21 ST,INDR36000-00-01,02/27/2020,08:00:00,0000486101
21 ST,INDR36000-00-01,02/27/2020,12:00:00,0000486137
21 ST,INDR36000-00-01,02/27/2020,16:00:00,0000486195
21 ST,INDR36000-00-01,02/27/2020,20:00:00,0000486382
21 ST,INDR36000-00-01,02/28/2020,00:00:00,0000486419
21 ST,INDR36000-00-01,02/28/2020,04:00:00,0000486431
21 ST,INDR36000-00-01,02/28/2020,08:00:00,0000486456
21 ST,INDR36000-00-01,02/28/2020,12:00:00,0000486486
21 ST,INDR36000-00-01,02/28/2020,16:00:00,0000486566
21 ST,INDR36000-00-01,02/28/2020,20:00:00,0000486752
21 ST,INDR36000-00-02,02/22/2020,00:00:00,0003445784
21 ST,INDR36000-00-02,02/22/2020,04:00:00,0003445815
21 ST,INDR36000-00-02,02/22/2020,08:00:00,0003445836
21 ST,INDR36000-00-02,02/22/2020,12:00:00,0003445912
21 ST,INDR36000-00-02,02/22/2020,16:00:00,0003446053
21 ST,INDR36000-00-02,02/22/2020,20:00:00,0003446248
21 ST,INDR36000-00-02,02/23/2020,00:00:00,0003446367
21 ST,INDR36000-00-02,02/23/2020,04:00:00,0003446398
21 ST,INDR36000-00-02,02/23/2020,08:00:00,0003446403
21 ST,INDR36000-00-02,02/23/2020,12:00:00,0003446476
21 ST,INDR36000-00-02,02/23/2020,16:00:00,0003446611
21 ST,INDR36000-00-02,02/23/2020,20:00:00,0003446743
21 ST,INDR36000-00-02,02/24/2020,00:00:00,0003446805
21 ST,INDR36000-00-02,02/24/2020,04:00:00,0003446815
21 ST,INDR36000-00-02,02/24/2020,08:00:00,0003446868
21 ST,INDR36000-00-02,02/24/2020,12:00:00,0003446977
21 ST,INDR36000-00-02,02/24/2020,16:00:00,0003447091
21 ST,INDR36000-00-02,02/24/2020,20:00:00,0003447427
21 ST,INDR36000-00-02,02/25/2020,00:00:00,0003447507
21 ST,INDR36000-00-02,02/25/2020,04:00:00,0003447527
21 ST,INDR36000-00-02,02/25/2020,08:00:00,0003447579
21 ST,INDR36000-00-02,02/25/2020,12:00:00,0003447683
21 ST,INDR36000-00-02,02/25/2020,16:00:00,0003447811
21 ST,INDR36000-00-02,02/25/2020,20:00:00,0003448153
21 ST,INDR36000-00-02,02/26/2020,00:00:00,0003448284
21 ST,INDR36000-00-02,02/26/2020,04:00:00,0003448301
21 ST,INDR36000-00-02,02/26/2020,08:00:00,0003448360
21 ST,INDR36000-00-02,02/26/2020,12:00:00,0003448480
21 ST,INDR36000-00-02,02/26/2020,16:00:00,0003448605
21 ST,INDR36000-00-02,02/26/2020,20:00:00,0003448938
21 ST,INDR36000-00-02,02/27/2020,00:00:00,0003449036
21 ST,INDR36000-00-02,02/27/2020,04:00:00,0003449050
21 ST,INDR36000-00-02,02/27/2020,08:00:00,0003449091
21 ST,INDR36000-00-02,02/27/2020,12:00:00,0003449217
21 ST,INDR36000-00-02,02/27/2020,16:00:00,0003449334
21 ST,INDR36000-00-02,02/27/2020,20:00:00,0003449676
21 ST,INDR36000-00-02,02/28/2020,00:00:00,0003449777
21 ST,INDR36000-00-02,02/28/2020,04:00:00,0003449795
21 ST,INDR36000-00-02,02/28/2020,08:00:00,0003449837
21 ST,INDR36000-00-02,02/28/2020,12:00:00,0003449954
21 ST,INDR36000-00-02,02/28/2020,16:00:00,0003450090
21 ST,INDR36000-00-02,02/28/2020,20:00:00,0003450456
21 ST,INDR36000-00-00,02/29/2020,00:00:00,0000640880
21 ST,INDR36000-00-00,02/29/2020,04:00:00,0000640914
21 ST,INDR36000-00-00,02/29/2020,08:00:00,0000640927
21 ST,INDR36000-00-00,02/29/2020,12:00:00,0000640971
21 ST,INDR36000-00-00,02/29/2020,16:00:00,0000641054
21 ST,INDR36000-00-00,02/29/2020,20:00:00,0000641169
21 ST,INDR36000-00-00,03/01/2020,00:00:00,0000641224
21 ST,INDR36000-00-00,03/01/2020,04:00:00,0000641241
21 ST,INDR36000-00-00,03/01/2020,08:00:00,0000641261
21 ST,INDR36000-00-00,03/01/2020,12:00:00,0000641289
21 ST,INDR36000-00-00,03/01/2020,16:00:00,0000641344
21 ST,INDR36000-00-00,03/01/2020,20:00:00,0000641458
21 ST,INDR36000-00-00,03/02/2020,00:00:00,0000641493
21 ST,INDR36000-00-00,03/02/2020,04:00:00,0000641505
21 ST,INDR36000-00-00,03/02/2020,08:00:00,0000641544
21 ST,INDR36000-00-00,03/02/2020,12:00:00,0000641631
21 ST,INDR36000-00-00,03/02/2020,16:00:00,0000641737
21 ST,INDR36000-00-00,03/02/2020,20:00:00,0000642036
21 ST,INDR36000-00-00,03/03/2020,00:00:00,0000642097
21 ST,INDR36000-00-00,03/03/2020,04:00:00,0000642119
21 ST,INDR36000-00-00,03/03/2020,08:00:00,0000642158
21 ST,INDR36000-00-00,03/03/2020,12:00:00,0000642233
21 ST,INDR36000-00-00,03/03/2020,16:00:00,0000642333
21 ST,INDR36000-00-00,03/03/2020,20:00:00,0000642651
21 ST,INDR36000-00-00,03/04/2020,00:00:00,0000642726
21 ST,INDR36000-00-00,03/04/2020,04:00:00,0000642750
21 ST,INDR36000-00-00,03/04/2020,08:00:00,0000642801
21 ST,INDR36000-00-00,03/04/2020,12:00:00,0000642872
21 ST,INDR36000-00-00,03/04/2020,16:00:00,0000642978
21 ST,INDR36000-00-00,03/04/2020,20:00:00,0000643280
21 ST,INDR36000-00-00,03/05/2020,00:00:00,0000643348
21 ST,INDR36000-00-00,03/05/2020,04:00:00,0000643375
21 ST,INDR36000-00-00,03/05/2020,08:00:00,0000643426
21 ST,INDR36000-00-00,03/05/2020,12:00:00,0000643491
21 ST,INDR36000-00-00,03/05/2020,16:00:00,0000643596
21 ST,INDR36000-00-00,03/05/2020,20:00:00,0000643927
21 ST,INDR36000-00-00,03/06/2020,00:00:00,0000644007
21 ST,INDR36000-00-00,03/06/2020,04:00:00,0000644033
21 ST,INDR36000-00-00,03/06/2020,08:00:00,0000644070
21 ST,INDR36000-00-00,03/06/2020,12:00:00,0000644165
21 ST,INDR36000-00-00,03/06/2020,16:00:00,0000644275
21 ST,INDR36000-00-00,03/06/2020,20:00:00,0000644548
21 ST,INDR36000-00-01,02/29/2020,00:00:00,0000486815
21 ST,INDR36000-00-01,02/29/2020,04:00:00,0000486830
21 ST,INDR36000-00-01,02/29/2020,08:00:00,0000486841
21 ST,INDR36000-00-01,02/29/2020,12:00:00,0000486877
21 ST,INDR36000-00-01,02/29/2020,16:00:00,0000486942
21 ST,INDR36000-00-01,02/29/2020,20:00:00,0000487056
21 ST,INDR36000-00-01,03/01/2020,00:00:00,0000487111
21 ST,INDR36000-00-01,03/01/2020,04:00:00,0000487127
21 ST,INDR36000-00-01,03/01/2020,08:00:00,0000487131
21 ST,INDR36000-00-01,03/01/2020,12:00:00,0000487156
21 ST,INDR36000-00-01,03/01/2020,16:00:00,0000487230
21 ST,INDR36000-00-01,03/01/2020,20:00:00,0000487331
21 ST,INDR36000-00-01,03/02/2020,00:00:00,0000487361
21 ST,INDR36000-00-01,03/02/2020,04:00:00,0000487369
21 ST,INDR36000-00-01,03/02/2020,08:00:00,0000487383
21 ST,INDR36000-00-01,03/02/2020,12:00:00,0000487419
21 ST,INDR36000-00-01,03/02/2020,16:00:00,0000487467
21 ST,INDR36000-00-01,03/02/2020,20:00:00,0000487661
21 ST,INDR36000-00-01,03/03/2020,00:00:00,0000487691
21 ST,INDR36000-00-01,03/03/2020,04:00:00,0000487703
21 ST,INDR36000-00-01,03/03/2020,08:00:00,0000487739
21 ST,INDR36000-00-01,03/03/2020,12:00:00,0000487771
21 ST,INDR36000-00-01,03/03/2020,16:00:00,0000487824
21 ST,INDR36000-00-01,03/03/2020,20:00:00,0000487981
21 ST,INDR36000-00-01,03/04/2020,00:00:00,0000488019
21 ST,INDR36000-00-01,03/04/2020,04:00:00,0000488032
21 ST,INDR36000-00-01,03/04/2020,08:00:00,0000488059
21 ST,INDR36000-00-01,03/04/2020,12:00:00,0000488097
21 ST,INDR36000-00-01,03/04/2020,16:00:00,0000488169
21 ST,INDR36000-00-01,03/04/2020,20:00:00,0000488339
21 ST,INDR36000-00-01,03/05/2020,00:00:00,0000488387
21 ST,INDR36000-00-01,03/05/2020,04:00:00,0000488401
21 ST,INDR36000-00-01,03/05/2020,08:00:00,0000488416
21 ST,INDR36000-00-01,03/05/2020,12:00:00,0000488468
21 ST,INDR36000-00-01,03/05/2020,16:00:00,0000488526
21 ST,INDR36000-00-01,03/05/2020,20:00:00,0000488726
21 ST,INDR36000-00-01,03/06/2020,00:00:00,0000488769
21 ST,INDR36000-00-01,03/06/2020,04:00:00,0000488787
21 ST,INDR36000-00-01,03/06/2020,08:00:00,0000488802
21 ST,INDR36000-00-01,03/06/2020,12:00:00,0000488844
21 ST,INDR36000-00-01,03/06/2020,16:00:00,0000488901
21 ST,INDR36000-00-01,03/06/2020,20:00:00,0000489049
21 ST,INDR36000-00-02,02/29/2020,00:00:00,0003450559
21 ST,INDR36000-00-02,02/29/2020,04:00:00,0003450593
21 ST,INDR36000-00-02,02/29/2020,08:00:00,0003450604
21 ST,INDR36000-00-02,02/29/2020,12:00:00,0003450687
21 ST,INDR36000-00-02,02/29/2020,16:00:00,0003450837
21 ST,INDR36000-00-02,02/29/2020,20:00:00,0003451038
21 ST,INDR36000-00-02,03/01/2020,00:00:00,0003451137
21 ST,INDR36000-00-02,03/01/2020,04:00:00,0003451166
21 ST,INDR36000-00-02,03/01/2020,08:00:00,0003451174
21 ST,INDR36000-00-02,03/01/2020,12:00:00,0003451233
21 ST,INDR36000-00-02,03/01/2020,16:00:00,0003451360
21 ST,INDR36000-00-02,03/01/2020,20:00:00,0003451518
21 ST,INDR36000-00-02,03/02/2020,00:00:00,0003451573
21 ST,INDR36000-00-02,03/02/2020,04:00:00,0003451586
21 ST,INDR36000-00-02,03/02/2020,08:00:00,0003451641
21 ST,INDR36000-00-02,03/02/2020,12:00:00,0003451744
21 ST,INDR36000-00-02,03/02/2020,16:00:00,0003451858
21 ST,INDR36000-00-02,03/02/2020,20:00:00,0003452196
21 ST,INDR36000-00-02,03/03/2020,00:00:00,0003452285
21 ST,INDR36000-00-02,03/03/2020,04:00:00,0003452306
21 ST,INDR36000-00-02,03/03/2020,08:00:00,0003452361
21 ST,INDR36000-00-02,03/03/2020,12:00:00,0003452473
21 ST,INDR36000-00-02,03/03/2020,16:00:00,0003452587
21 ST,INDR36000-00-02,03/03/2020,20:00:00,0003452922
21 ST,INDR36000-00-02,03/04/2020,00:00:00,0003453012
21 ST,INDR36000-00-02,03/04/2020,04:00:00,0003453039
21 ST,INDR36000-00-02,03/04/2020,08:00:00,0003453093
21 ST,INDR36000-00-02,03/04/2020,12:00:00,0003453209
21 ST,INDR36000-00-02,03/04/2020,16:00:00,0003453320
21 ST,INDR36000-00-02,03/04/2020,20:00:00,0003453636
21 ST,INDR36000-00-02,03/05/2020,00:00:00,0003453741
21 ST,INDR36000-00-02,03/05/2020,04:00:00,0003453763
21 ST,INDR36000-00-02,03/05/2020,08:00:00,0003453812
21 ST,INDR36000-00-02,03/05/2020,12:00:00,0003453915
21 ST,INDR36000-00-02,03/05/2020,16:00:00,0003454024
21 ST,INDR36000-00-02,03/05/2020,20:00:00,0003454411
21 ST,INDR36000-00-02,03/06/2020,00:00:00,0003454515
21 ST,INDR36000-00-02,03/06/2020,04:00:00,0003454540
21 ST,INDR36000-00-02,03/06/2020,08:00:00,0003454589
21 ST,INDR36000-00-02,03/06/2020,12:00:00,0003454707
21 ST,INDR36000-00-02,03/06/2020,16:00:00,0003454819
21 ST,INDR36000-00-02,03/06/2020,20:00:00,0003455129
21 ST,INDR36000-00-00,03/07/2020,00:00:00,0000644603
21 ST,INDR36000-00-00,03/07/2020,04:00:00,0000644630
21 ST,INDR36000-00-00,03/07/2020,08:00:00,0000644637
21 ST,INDR36000-00-00,03/07/2020,12:00:00,0000644673
21 ST,INDR36000-00-00,03/07/2020,16:00:00,0000644765
21 ST,INDR36000-00-00,03/07/2020,20:00:00,0000644850
21 ST,INDR36000-00-00,03/08/2020,00:00:00,0000644907
21 ST,INDR36000-00-00,03/08/2020,05:00:00,0000644929
21 ST,INDR36000-00-00,03/08/2020,09:00:00,0000644948
21 ST,INDR36000-00-00,03/08/2020,13:00:00,0000644990
21 ST,INDR36000-00-00,03/08/2020,17:00:00,0000645060
21 ST,INDR36000-00-00,03/08/2020,21:00:00,0000645129
21 ST,INDR36000-00-00,03/09/2020,01:00:00,0000645155
21 ST,INDR36000-00-00,03/09/2020,05:00:00,0000645159
21 ST,INDR36000-00-00,03/09/2020,09:00:00,0000645220
21 ST,INDR36000-00-00,03/09/2020,13:00:00,0000645274
21 ST,INDR36000-00-00,03/09/2020,17:00:00,0000645434
21 ST,INDR36000-00-00,03/09/2020,21:00:00,0000645664
21 ST,INDR36000-00-00,03/10/2020,01:00:00,0000645714
21 ST,INDR36000-00-00,03/10/2020,05:00:00,0000645728
21 ST,INDR36000-00-00,03/10/2020,09:00:00,0000645786
21 ST,INDR36000-00-00,03/10/2020,13:00:00,0000645838
21 ST,INDR36000-00-00,03/10/2020,17:00:00,0000646015
21 ST,INDR36000-00-00,03/10/2020,21:00:00,0000646257
21 ST,INDR36000-00-00,03/11/2020,01:00:00,0000646313
21 ST,INDR36000-00-00,03/11/2020,05:00:00,0000646326
21 ST,INDR36000-00-00,03/11/2020,09:00:00,0000646390
21 ST,INDR36000-00-00,03/11/2020,13:00:00,0000646454
21 ST,INDR36000-00-00,03/11/2020,17:00:00,0000646629
21 ST,INDR36000-00-00,03/11/2020,21:00:00,0000646834
21 ST,INDR36000-00-00,03/12/2020,01:00:00,0000646888
21 ST,INDR36000-00-00,03/12/2020,05:00:00,0000646907
21 ST,INDR36000-00-00,03/12/2020,09:00:00,0000646963
21 ST,INDR36000-00-00,03/12/2020,13:00:00,0000647028
21 ST,INDR36000-00-00,03/12/2020,17:00:00,0000647211
21 ST,INDR36000-00-00,03/12/2020,21:00:00,0000647424
21 ST,INDR36000-00-00,03/13/2020,01:00:00,0000647468
21 ST,INDR36000-00-00,03/13/2020,05:00:00,0000647487
21 ST,INDR36000-00-00,03/13/2020,09:00:00,0000647544
21 ST,INDR36000-00-00,03/13/2020,13:00:00,0000647602
21 ST,INDR36000-00-00,03/13/2020,17:00:00,0000647768
21 ST,INDR36000-00-00,03/13/2020,21:00:00,0000647892
21 ST,INDR36000-00-01,03/07/2020,00:00:00,0000489106
21 ST,INDR36000-00-01,03/07/2020,04:00:00,0000489117
21 ST,INDR36000-00-01,03/07/2020,08:00:00,0000489118
21 ST,INDR36000-00-01,03/07/2020,12:00:00,0000489137
21 ST,INDR36000-00-01,03/07/2020,16:00:00,0000489198
21 ST,INDR36000-00-01,03/07/2020,20:00:00,0000489278
21 ST,INDR36000-00-01,03/08/2020,00:00:00,0000489335
21 ST,INDR36000-00-01,03/08/2020,05:00:00,0000489349
21 ST,INDR36000-00-01,03/08/2020,09:00:00,0000489353
21 ST,INDR36000-00-01,03/08/2020,13:00:00,0000489389
21 ST,INDR36000-00-01,03/08/2020,17:00:00,0000489455
21 ST,INDR36000-00-01,03/08/2020,21:00:00,0000489507
21 ST,INDR36000-00-01,03/09/2020,01:00:00,0000489525
21 ST,INDR36000-00-01,03/09/2020,05:00:00,0000489528
21 ST,INDR36000-00-01,03/09/2020,09:00:00,0000489555
21 ST,INDR36000-00-01,03/09/2020,13:00:00,0000489596
21 ST,INDR36000-00-01,03/09/2020,17:00:00,0000489694
21 ST,INDR36000-00-01,03/09/2020,21:00:00,0000489834
21 ST,INDR36000-00-01,03/10/2020,01:00:00,0000489865
21 ST,INDR36000-00-01,03/10/2020,05:00:00,0000489868
21 ST,INDR36000-00-01,03/10/2020,09:00:00,0000489897
21 ST,INDR36000-00-01,03/10/2020,13:00:00,0000489925
21 ST,INDR36000-00-01,03/10/2020,17:00:00,0000490016
21 ST,INDR36000-00-01,03/10/2020,21:00:00,0000490143
21 ST,INDR36000-00-01,03/11/2020,01:00:00,0000490181
21 ST,INDR36000-00-01,03/11/2020,05:00:00,0000490192
21 ST,INDR36000-00-01,03/11/2020,09:00:00,0000490219
21 ST,INDR36000-00-01,03/11/2020,13:00:00,0000490253
21 ST,INDR36000-00-01,03/11/2020,17:00:00,0000490351
21 ST,INDR36000-00-01,03/11/2020,21:00:00,0000490475
21 ST,INDR36000-00-01,03/12/2020,01:00:00,0000490510
21 ST,INDR36000-00-01,03/12/2020,05:00:00,0000490512
21 ST,INDR36000-00-01,03/12/2020,09:00:00,0000490541
21 ST,INDR36000-00-01,03/12/2020,13:00:00,0000490572
21 ST,INDR36000-00-01,03/12/2020,17:00:00,0000490665
21 ST,INDR36000-00-01,03/12/2020,21:00:00,0000490772
21 ST,INDR36000-00-01,03/13/2020,01:00:00,0000490791
21 ST,INDR36000-00-01,03/13/2020,05:00:00,0000490793
21 ST,INDR36000-00-01,03/13/2020,09:00:00,0000490823
21 ST,INDR36000-00-01,03/13/2020,13:00:00,0000490847
21 ST,INDR36000-00-01,03/13/2020,17:00:00,0000490936
21 ST,INDR36000-00-01,03/13/2020,21:00:00,0000491025
21 ST,INDR36000-00-02,03/07/2020,00:00:00,0003455232
21 ST,INDR36000-00-02,03/07/2020,04:00:00,0003455256
21 ST,INDR36000-00-02,03/07/2020,08:00:00,0003455264
21 ST,INDR36000-00-02,03/07/2020,12:00:00,0003455329
21 ST,INDR36000-00-02,03/07/2020,16:00:00,0003455480
21 ST,INDR36000-00-02,03/07/2020,20:00:00,0003455652
21 ST,INDR36000-00-02,03/08/2020,00:00:00,0003455752
21 ST,INDR36000-00-02,03/08/2020,05:00:00,0003455786
21 ST,INDR36000-00-02,03/08/2020,09:00:00,0003455794
21 ST,INDR36000-00-02,03/08/2020,13:00:00,0003455872
21 ST,INDR36000-00-02,03/08/2020,17:00:00,0003456014
21 ST,INDR36000-00-02,03/08/2020,21:00:00,0003456135
21 ST,INDR36000-00-02,03/09/2020,01:00:00,0003456182
21 ST,INDR36000-00-02,03/09/2020,05:00:00,0003456187
21 ST,INDR36000-00-02,03/09/2020,09:00:00,0003456264
21 ST,INDR36000-00-02,03/09/2020,13:00:00,0003456332
21 ST,INDR36000-00-02,03/09/2020,17:00:00,0003456490
21 ST,INDR36000-00-02,03/09/2020,21:00:00,0003456777
21 ST,INDR36000-00-02,03/10/2020,01:00:00,0003456852
21 ST,INDR36000-00-02,03/10/2020,05:00:00,0003456858
21 ST,INDR36000-00-02,03/10/2020,09:00:00,0003456943
21 ST,INDR36000-00-02,03/10/2020,13:00:00,0003457028
21 ST,INDR36000-00-02,03/10/2020,17:00:00,0003457202
21 ST,INDR36000-00-02,03/10/2020,21:00:00,0003457491
21 ST,INDR36000-00-02,03/11/2020,01:00:00,0003457577
21 ST,INDR36000-00-02,03/11/2020,05:00:00,0003457587
21 ST,INDR36000-00-02,03/11/2020,09:00:00,0003457678
21 ST,INDR36000-00-02,03/11/2020,13:00:00,0003457752
21 ST,INDR36000-00-02,03/11/2020,17:00:00,0003457921
21 ST,INDR36000-00-02,03/11/2020,21:00:00,0003458191
21 ST,INDR36000-00-02,03/12/2020,01:00:00,0003458251
21 ST,INDR36000-00-02,03/12/2020,05:00:00,0003458258
21 ST,INDR36000-00-02,03/12/2020,09:00:00,0003458340
21 ST,INDR36000-00-02,03/12/2020,13:00:00,0003458408
21 ST,INDR36000-00-02,03/12/2020,17:00:00,0003458582
21 ST,INDR36000-00-02,03/12/2020,21:00:00,0003458838
21 ST,INDR36000-00-02,03/13/2020,01:00:00,0003458901
21 ST,INDR36000-00-02,03/13/2020,05:00:00,0003458904
21 ST,INDR36000-00-02,03/13/2020,09:00:00,0003458973
21 ST,INDR36000-00-02,03/13/2020,13:00:00,0003459031
21 ST,INDR36000-00-02,03/13/2020,17:00:00,0003459192
21 ST,INDR36000-00-02,03/13/2020,21:00:00,0003459371
21 ST,INDR36000-00-00,03/14/2020,01:00:00,0000647936
21 ST,INDR36000-00-00,03/14/2020,05:00:00,0000647943
21 ST,INDR36000-00-00,03/14/2020,09:00:00,0000647962
21 ST,INDR36000-00-00,03/14/2020,13:00:00,0000648009
21 ST,INDR36000-00-00,03/14/2020,17:00:00,0000648055
21 ST,INDR36000-00-00,03/14/2020,21:00:00,0000648091
21 ST,INDR36000-00-00,03/15/2020,01:00:00,0000648123
21 ST,INDR36000-00-00,03/15/2020,05:00:00,0000648134
21 ST,INDR36000-00-00,03/15/2020,09:00:00,0000648142
21 ST,INDR36000-00-00,03/15/2020,13:00:00,0000648161
21 ST,INDR36000-00-00,03/15/2020,17:00:00,0000648203
21 ST,INDR36000-00-00,03/15/2020,21:00:00,0000648240
21 ST,INDR36000-00-00,03/16/2020,01:00:00,0000648262
21 ST,INDR36000-00-00,03/16/2020,05:00:00,0000648271
21 ST,INDR36000-00-00,03/16/2020,09:00:00,0000648304
21 ST,INDR36000-00-00,03/16/2020,13:00:00,0000648335
21 ST,INDR36000-00-00,03/16/2020,17:00:00,0000648457
21 ST,INDR36000-00-00,03/16/2020,21:00:00,0000648548
21 ST,INDR36000-00-00,03/17/2020,01:00:00,0000648582
21 ST,INDR36000-00-00,03/17/2020,05:00:00,0000648583
21 ST,INDR36000-00-00,03/17/2020,09:00:00,0000648622
21 ST,INDR36000-00-00,03/17/2020,13:00:00,0000648654
21 ST,INDR36000-00-00,03/17/2020,17:00:00,0000648779
21 ST,INDR36000-00-00,03/17/2020,21:00:00,0000648845
21 ST,INDR36000-00-00,03/18/2020,01:00:00,0000648874
21 ST,INDR36000-00-00,03/18/2020,05:00:00,0000648881
21 ST,INDR36000-00-00,03/18/2020,09:00:00,0000648916
21 ST,INDR36000-00-00,03/18/2020,13:00:00,0000648954
21 ST,INDR36000-00-00,03/18/2020,17:00:00,0000649059
21 ST,INDR36000-00-00,03/18/2020,21:00:00,0000649128
21 ST,INDR36000-00-00,03/19/2020,01:00:00,0000649155
21 ST,INDR36000-00-00,03/19/2020,05:00:00,0000649163
21 ST,INDR36000-00-00,03/19/2020,09:00:00,0000649203
21 ST,INDR36000-00-00,03/19/2020,13:00:00,0000649229
21 ST,INDR36000-00-00,03/19/2020,17:00:00,0000649342
21 ST,INDR36000-00-00,03/19/2020,21:00:00,0000649390
21 ST,INDR36000-00-00,03/20/2020,01:00:00,0000649414
21 ST,INDR36000-00-00,03/20/2020,05:00:00,0000649418
21 ST,INDR36000-00-00,03/20/2020,09:00:00,0000649445
21 ST,INDR36000-00-00,03/20/2020,13:00:00,0000649473
21 ST,INDR36000-00-00,03/20/2020,17:00:00,0000649580
21 ST,INDR36000-00-00,03/20/2020,21:00:00,0000649633
21 ST,INDR36000-00-01,03/14/2020,01:00:00,0000491053
21 ST,INDR36000-00-01,03/14/2020,05:00:00,0000491058
21 ST,INDR36000-00-01,03/14/2020,09:00:00,0000491062
21 ST,INDR36000-00-01,03/14/2020,13:00:00,0000491089
21 ST,INDR36000-00-01,03/14/2020,17:00:00,0000491114
21 ST,INDR36000-00-01,03/14/2020,21:00:00,0000491159
21 ST,INDR36000-00-01,03/15/2020,01:00:00,0000491181
21 ST,INDR36000-00-01,03/15/2020,05:00:00,0000491185
21 ST,INDR36000-00-01,03/15/2020,09:00:00,0000491190
21 ST,INDR36000-00-01,03/15/2020,13:00:00,0000491207
21 ST,INDR36000-00-01,03/15/2020,17:00:00,0000491232
21 ST,INDR36000-00-01,03/15/2020,21:00:00,0000491254
21 ST,INDR36000-00-01,03/16/2020,01:00:00,0000491268
21 ST,INDR36000-00-01,03/16/2020,05:00:00,0000491270
21 ST,INDR36000-00-01,03/16/2020,09:00:00,0000491292
21 ST,INDR36000-00-01,03/16/2020,13:00:00,0000491314
21 ST,INDR36000-00-01,03/16/2020,17:00:00,0000491378
21 ST,INDR36000-00-01,03/16/2020,21:00:00,0000491422
21 ST,INDR36000-00-01,03/17/2020,01:00:00,0000491438
21 ST,INDR36000-00-01,03/17/2020,05:00:00,0000491444
21 ST,INDR36000-00-01,03/17/2020,09:00:00,0000491461
21 ST,INDR36000-00-01,03/17/2020,13:00:00,0000491473
21 ST,INDR36000-00-01,03/17/2020,17:00:00,0000491536
21 ST,INDR36000-00-01,03/17/2020,21:00:00,0000491574
21 ST,INDR36000-00-01,03/18/2020,01:00:00,0000491584
21 ST,INDR36000-00-01,03/18/2020,05:00:00,0000491589
21 ST,INDR36000-00-01,03/18/2020,09:00:00,0000491608
21 ST,INDR36000-00-01,03/18/2020,13:00:00,0000491626
21 ST,INDR36000-00-01,03/18/2020,17:00:00,0000491675
21 ST,INDR36000-00-01,03/18/2020,21:00:00,0000491715
21 ST,INDR36000-00-01,03/19/2020,01:00:00,0000491725
21 ST,INDR36000-00-01,03/19/2020,05:00:00,0000491731
21 ST,INDR36000-00-01,03/19/2020,09:00:00,0000491742
21 ST,INDR36000-00-01,03/19/2020,13:00:00,0000491755
21 ST,INDR36000-00-01,03/19/2020,17:00:00,0000491808
21 ST,INDR36000-00-01,03/19/2020,21:00:00,0000491839
21 ST,INDR36000-00-01,03/20/2020,01:00:00,0000491848
21 ST,INDR36000-00-01,03/20/2020,05:00:00,0000491850
21 ST,INDR36000-00-01,03/20/2020,09:00:00,0000491864
21 ST,INDR36000-00-01,03/20/2020,13:00:00,0000491879
21 ST,INDR36000-00-01,03/20/2020,17:00:00,0000491921
21 ST,INDR36000-00-01,03/20/2020,21:00:00,0000491947
21 ST,INDR36000-00-02,03/14/2020,01:00:00,0003459423
21 ST,INDR36000-00-02,03/14/2020,05:00:00,0003459430
21 ST,INDR36000-00-02,03/14/2020,09:00:00,0003459450
21 ST,INDR36000-00-02,03/14/2020,13:00:00,0003459503
21 ST,INDR36000-00-02,03/14/2020,17:00:00,0003459570
21 ST,INDR36000-00-02,03/14/2020,21:00:00,0003459643
21 ST,INDR36000-00-02,03/15/2020,01:00:00,0003459692
21 ST,INDR36000-00-02,03/15/2020,05:00:00,0003459700
21 ST,INDR36000-00-02,03/15/2020,09:00:00,0003459709
21 ST,INDR36000-00-02,03/15/2020,13:00:00,0003459741
21 ST,INDR36000-00-02,03/15/2020,17:00:00,0003459795
21 ST,INDR36000-00-02,03/15/2020,21:00:00,0003459863
21 ST,INDR36000-00-02,03/16/2020,01:00:00,0003459891
21 ST,INDR36000-00-02,03/16/2020,05:00:00,0003459894
21 ST,INDR36000-00-02,03/16/2020,09:00:00,0003459931
21 ST,INDR36000-00-02,03/16/2020,13:00:00,0003459970
21 ST,INDR36000-00-02,03/16/2020,17:00:00,0003460085
21 ST,INDR36000-00-02,03/16/2020,21:00:00,0003460171
21 ST,INDR36000-00-02,03/17/2020,01:00:00,0003460189
21 ST,INDR36000-00-02,03/17/2020,05:00:00,0003460195
21 ST,INDR36000-00-02,03/17/2020,09:00:00,0003460231
21 ST,INDR36000-00-02,03/17/2020,13:00:00,0003460264
21 ST,INDR36000-00-02,03/17/2020,17:00:00,0003460357
21 ST,INDR36000-00-02,03/17/2020,21:00:00,0003460435
21 ST,INDR36000-00-02,03/18/2020,01:00:00,0003460449
21 ST,INDR36000-00-02,03/18/2020,05:00:00,0003460452
21 ST,INDR36000-00-02,03/18/2020,09:00:00,0003460482
21 ST,INDR36000-00-02,03/18/2020,13:00:00,0003460515
21 ST,INDR36000-00-02,03/18/2020,17:00:00,0003460596
21 ST,INDR36000-00-02,03/18/2020,21:00:00,0003460656
21 ST,INDR36000-00-02,03/19/2020,01:00:00,0003460672
21 ST,INDR36000-00-02,03/19/2020,05:00:00,0003460674
21 ST,INDR36000-00-02,03/19/2020,09:00:00,0003460686
21 ST,INDR36000-00-02,03/19/2020,13:00:00,0003460716
21 ST,INDR36000-00-02,03/19/2020,17:00:00,0003460779
21 ST,INDR36000-00-02,03/19/2020,21:00:00,0003460841
21 ST,INDR36000-00-02,03/20/2020,01:00:00,0003460862
21 ST,INDR36000-00-02,03/20/2020,05:00:00,0003460864
21 ST,INDR36000-00-02,03/20/2020,09:00:00,0003460878
21 ST,INDR36000-00-02,03/20/2020,13:00:00,0003460899
21 ST,INDR36000-00-02,03/20/2020,17:00:00,0003460964
21 ST,INDR36000-00-02,03/20/2020,21:00:00,0003461011
21 ST,INDR36000-00-00,03/21/2020,01:00:00,0000649657
21 ST,INDR36000-00-00,03/21/2020,05:00:00,0000649664
21 ST,INDR36000-00-00,03/21/2020,09:00:00,0000649675
21 ST,INDR36000-00-00,03/21/2020,13:00:00,0000649697
21 ST,INDR36000-00-00,03/21/2020,17:00:00,0000649723
21 ST,INDR36000-00-00,03/21/2020,21:00:00,0000649727
21 ST,INDR36000-00-00,03/22/2020,01:00:00,0000649744
21 ST,INDR36000-00-00,03/22/2020,05:00:00,0000649747
21 ST,INDR36000-00-00,03/22/2020,09:00:00,0000649755
21 ST,INDR36000-00-00,03/22/2020,13:00:00,0000649762
21 ST,INDR36000-00-00,03/22/2020,17:00:00,0000649778
21 ST,INDR36000-00-00,03/22/2020,21:00:00,0000649782
21 ST,INDR36000-00-00,03/23/2020,01:00:00,0000649802
21 ST,INDR36000-00-00,03/23/2020,05:00:00,0000649808
21 ST,INDR36000-00-00,03/23/2020,09:00:00,0000649841
21 ST,INDR36000-00-00,03/23/2020,13:00:00,0000649859
21 ST,INDR36000-00-00,03/23/2020,17:00:00,0000649901
21 ST,INDR36000-00-00,03/23/2020,21:00:00,0000649928
21 ST,INDR36000-00-00,03/24/2020,01:00:00,0000649947
21 ST,INDR36000-00-00,03/24/2020,05:00:00,0000649953
21 ST,INDR36000-00-00,03/24/2020,09:00:00,0000649985
21 ST,INDR36000-00-00,03/24/2020,13:00:00,0000650012
21 ST,INDR36000-00-00,03/24/2020,17:00:00,0000650074
21 ST,INDR36000-00-00,03/24/2020,21:00:00,0000650100
21 ST,INDR36000-00-00,03/25/2020,01:00:00,0000650120
21 ST,INDR36000-00-00,03/25/2020,05:00:00,0000650123
21 ST,INDR36000-00-00,03/25/2020,09:00:00,0000650155
21 ST,INDR36000-00-00,03/25/2020,13:00:00,0000650174
21 ST,INDR36000-00-00,03/25/2020,17:00:00,0000650235
21 ST,INDR36000-00-00,03/25/2020,21:00:00,0000650263
21 ST,INDR36000-00-00,03/26/2020,01:00:00,0000650277
21 ST,INDR36000-00-00,03/26/2020,05:00:00,0000650285
21 ST,INDR36000-00-00,03/26/2020,09:00:00,0000650313
21 ST,INDR36000-00-00,03/26/2020,13:00:00,0000650325
21 ST,INDR36000-00-00,03/26/2020,17:00:00,0000650382
21 ST,INDR36000-00-00,03/26/2020,21:00:00,0000650410
21 ST,INDR36000-00-00,03/27/2020,01:00:00,0000650421
21 ST,INDR36000-00-00,03/27/2020,05:00:00,0000650428
21 ST,INDR36000-00-00,03/27/2020,09:00:00,0000650451
21 ST,INDR36000-00-00,03/27/2020,13:00:00,0000650487
21 ST,INDR36000-00-00,03/27/2020,17:00:00,0000650533
21 ST,INDR36000-00-00,03/27/2020,21:00:00,0000650558
21 ST,INDR36000-00-01,03/21/2020,01:00:00,0000491958
21 ST,INDR36000-00-01,03/21/2020,05:00:00,0000491961
21 ST,INDR36000-00-01,03/21/2020,09:00:00,0000491963
21 ST,INDR36000-00-01,03/21/2020,13:00:00,0000491970
21 ST,INDR36000-00-01,03/21/2020,17:00:00,0000491982
21 ST,INDR36000-00-01,03/21/2020,21:00:00,0000491989
21 ST,INDR36000-00-01,03/22/2020,01:00:00,0000491996
21 ST,INDR36000-00-01,03/22/2020,05:00:00,0000491997
21 ST,INDR36000-00-01,03/22/2020,09:00:00,0000491999
21 ST,INDR36000-00-01,03/22/2020,13:00:00,0000492004
21 ST,INDR36000-00-01,03/22/2020,17:00:00,0000492012
21 ST,INDR36000-00-01,03/22/2020,21:00:00,0000492017
21 ST,INDR36000-00-01,03/23/2020,01:00:00,0000492021
21 ST,INDR36000-00-01,03/23/2020,05:00:00,0000492023
21 ST,INDR36000-00-01,03/23/2020,09:00:00,0000492030
21 ST,INDR36000-00-01,03/23/2020,13:00:00,0000492037
21 ST,INDR36000-00-01,03/23/2020,17:00:00,0000492059
21 ST,INDR36000-00-01,03/23/2020,21:00:00,0000492077
21 ST,INDR36000-00-01,03/24/2020,01:00:00,0000492088
21 ST,INDR36000-00-01,03/24/2020,05:00:00,0000492091
21 ST,INDR36000-00-01,03/24/2020,09:00:00,0000492103
21 ST,INDR36000-00-01,03/24/2020,13:00:00,0000492110
21 ST,INDR36000-00-01,03/24/2020,17:00:00,0000492134
21 ST,INDR36000-00-01,03/24/2020,21:00:00,0000492151
21 ST,INDR36000-00-01,03/25/2020,01:00:00,0000492155
21 ST,INDR36000-00-01,03/25/2020,05:00:00,0000492156
21 ST,INDR36000-00-01,03/25/2020,09:00:00,0000492162
21 ST,INDR36000-00-01,03/25/2020,13:00:00,0000492166
21 ST,INDR36000-00-01,03/25/2020,17:00:00,0000492186
21 ST,INDR36000-00-01,03/25/2020,21:00:00,0000492204
21 ST,INDR36000-00-01,03/26/2020,01:00:00,0000492209
21 ST,INDR36000-00-01,03/26/2020,05:00:00,0000492210
21 ST,INDR36000-00-01,03/26/2020,09:00:00,0000492215
21 ST,INDR36000-00-01,03/26/2020,13:00:00,0000492225
21 ST,INDR36000-00-01,03/26/2020,17:00:00,0000492245
21 ST,INDR36000-00-01,03/26/2020,21:00:00,0000492264
21 ST,INDR36000-00-01,03/27/2020,01:00:00,0000492274
21 ST,INDR36000-00-01,03/27/2020,05:00:00,0000492276
21 ST,INDR36000-00-01,03/27/2020,09:00:00,0000492279
21 ST,INDR36000-00-01,03/27/2020,13:00:00,0000492294
21 ST,INDR36000-00-01,03/27/2020,17:00:00,0000492321
21 ST,INDR36000-00-01,03/27/2020,21:00:00,0000492331
21 ST,INDR36000-00-02,03/21/2020,01:00:00,0003461021
21 ST,INDR36000-00-02,03/21/2020,05:00:00,0003461023
21 ST,INDR36000-00-02,03/21/2020,09:00:00,0003461031
21 ST,INDR36000-00-02,03/21/2020,13:00:00,0003461045
21 ST,INDR36000-00-02,03/21/2020,17:00:00,0003461071
21 ST,INDR36000-00-02,03/21/2020,21:00:00,0003461086
21 ST,INDR36000-00-02,03/22/2020,01:00:00,0003461095
21 ST,INDR36000-00-02,03/22/2020,05:00:00,0003461096
21 ST,INDR36000-00-02,03/22/2020,09:00:00,0003461103
21 ST,INDR36000-00-02,03/22/2020,13:00:00,0003461109
21 ST,INDR36000-00-02,03/22/2020,17:00:00,0003461129
21 ST,INDR36000-00-02,03/22/2020,21:00:00,0003461136
21 ST,INDR36000-00-02,03/23/2020,01:00:00,0003461141
21 ST,INDR36000-00-02,03/23/2020,05:00:00,0003461141
21 ST,INDR36000-00-02,03/23/2020,09:00:00,0003461159
21 ST,INDR36000-00-02,03/23/2020,13:00:00,0003461169
21 ST,INDR36000-00-02,03/23/2020,17:00:00,0003461209
21 ST,INDR36000-00-02,03/23/2020,21:00:00,0003461233
21 ST,INDR36000-00-02,03/24/2020,01:00:00,0003461238
21 ST,INDR36000-00-02,03/24/2020,05:00:00,0003461240
21 ST,INDR36000-00-02,03/24/2020,09:00:00,0003461250
21 ST,INDR36000-00-02,03/24/2020,13:00:00,0003461263
21 ST,INDR36000-00-02,03/24/2020,17:00:00,0003461305
21 ST,INDR36000-00-02,03/24/2020,21:00:00,0003461337
21 ST,INDR36000-00-02,03/25/2020,01:00:00,0003461346
21 ST,INDR36000-00-02,03/25/2020,05:00:00,0003461348
21 ST,INDR36000-00-02,03/25/2020,09:00:00,0003461362
21 ST,INDR36000-00-02,03/25/2020,13:00:00,0003461375
21 ST,INDR36000-00-02,03/25/2020,17:00:00,0003461420
21 ST,INDR36000-00-02,03/25/2020,21:00:00,0003461447
21 ST,INDR36000-00-02,03/26/2020,01:00:00,0003461460
21 ST,INDR36000-00-02,03/26/2020,05:00:00,0003461462
21 ST,INDR36000-00-02,03/26/2020,09:00:00,0003461472
21 ST,INDR36000-00-02,03/26/2020,13:00:00,0003461486
21 ST,INDR36000-00-02,03/26/2020,17:00:00,0003461527
21 ST,INDR36000-00-02,03/26/2020,21:00:00,0003461557
21 ST,INDR36000-00-02,03/27/2020,01:00:00,0003461567
21 ST,INDR36000-00-02,03/27/2020,05:00:00,0003461570
21 ST,INDR36000-00-02,03/27/2020,09:00:00,0003461583
21 ST,INDR36000-00-02,03/27/2020,13:00:00,0003461599
21 ST,INDR36000-00-02,03/27/2020,17:00:00,0003461631
21 ST,INDR36000-00-02,03/27/2020,21:00:00,0003461659
21 ST,INDR36000-00-00,03/28/2020,01:00:00,0000650576
21 ST,INDR36000-00-00,03/28/2020,05:00:00,0000650582
21 ST,INDR36000-00-00,03/28/2020,09:00:00,0000650588
21 ST,INDR36000-00-00,03/28/2020,13:00:00,0000650596
21 ST,INDR36000-00-00,03/28/2020,17:00:00,0000650604
21 ST,INDR36000-00-00,03/28/2020,21:00:00,0000650608
21 ST,INDR36000-00-00,03/29/2020,01:00:00,0000650618
21 ST,INDR36000-00-00,03/29/2020,05:00:00,0000650623
21 ST,INDR36000-00-00,03/29/2020,09:00:00,0000650629
21 ST,INDR36000-00-00,03/29/2020,13:00:00,0000650633
21 ST,INDR36000-00-00,03/29/2020,17:00:00,0000650639
21 ST,INDR36000-00-00,03/29/2020,21:00:00,0000650649
21 ST,INDR36000-00-00,03/30/2020,01:00:00,0000650660
21 ST,INDR36000-00-00,03/30/2020,05:00:00,0000650665
21 ST,INDR36000-00-00,03/30/2020,09:00:00,0000650684
21 ST,INDR36000-00-00,03/30/2020,13:00:00,0000650695
21 ST,INDR36000-00-00,03/30/2020,17:00:00,0000650725
21 ST,INDR36000-00-00,03/30/2020,21:00:00,0000650747
21 ST,INDR36000-00-00,03/31/2020,01:00:00,0000650766
21 ST,INDR36000-00-00,03/31/2020,05:00:00,0000650770
21 ST,INDR36000-00-00,03/31/2020,09:00:00,0000650782
21 ST,INDR36000-00-00,03/31/2020,13:00:00,0000650797
21 ST,INDR36000-00-00,03/31/2020,17:00:00,0000650834
21 ST,INDR36000-00-00,03/31/2020,21:00:00,0000650852
21 ST,INDR36000-00-00,04/01/2020,01:00:00,0000650863
21 ST,INDR36000-00-00,04/01/2020,05:00:00,0000650872
21 ST,INDR36000-00-00,04/01/2020,09:00:00,0000650897
21 ST,INDR36000-00-00,04/01/2020,13:00:00,0000650909
21 ST,INDR36000-00-00,04/01/2020,17:00:00,0000650948
21 ST,INDR36000-00-00,04/01/2020,21:00:00,0000650966
21 ST,INDR36000-00-00,04/02/2020,01:00:00,0000650979
21 ST,INDR36000-00-00,04/02/2020,05:00:00,0000650986
21 ST,INDR36000-00-00,04/02/2020,09:00:00,0000651001
21 ST,INDR36000-00-00,04/02/2020,13:00:00,0000651018
21 ST,INDR36000-00-00,04/02/2020,17:00:00,0000651048
21 ST,INDR36000-00-00,04/02/2020,21:00:00,0000651069
21 ST,INDR36000-00-00,04/03/2020,01:00:00,0000651078
21 ST,INDR36000-00-00,04/03/2020,05:00:00,0000651082
21 ST,INDR36000-00-00,04/03/2020,09:00:00,0000651102
21 ST,INDR36000-00-00,04/03/2020,13:00:00,0000651115
21 ST,INDR36000-00-00,04/03/2020,17:00:00,0000651147
21 ST,INDR36000-00-00,04/03/2020,21:00:00,0000651163
21 ST,INDR36000-00-01,03/28/2020,01:00:00,0000492338
21 ST,INDR36000-00-01,03/28/2020,05:00:00,0000492338
21 ST,INDR36000-00-01,03/28/2020,09:00:00,0000492340
21 ST,INDR36000-00-01,03/28/2020,13:00:00,0000492344
21 ST,INDR36000-00-01,03/28/2020,17:00:00,0000492352
21 ST,INDR36000-00-01,03/28/2020,21:00:00,0000492355
21 ST,INDR36000-00-01,03/29/2020,01:00:00,0000492360
21 ST,INDR36000-00-01,03/29/2020,05:00:00,0000492361
21 ST,INDR36000-00-01,03/29/2020,09:00:00,0000492361
21 ST,INDR36000-00-01,03/29/2020,13:00:00,0000492363
21 ST,INDR36000-00-01,03/29/2020,17:00:00,0000492369
21 ST,INDR36000-00-01,03/29/2020,21:00:00,0000492371
21 ST,INDR36000-00-01,03/30/2020,01:00:00,0000492371
21 ST,INDR36000-00-01,03/30/2020,05:00:00,0000492374
21 ST,INDR36000-00-01,03/30/2020,09:00:00,0000492380
21 ST,INDR36000-00-01,03/30/2020,13:00:00,0000492387
21 ST,INDR36000-00-01,03/30/2020,17:00:00,0000492405
21 ST,INDR36000-00-01,03/30/2020,21:00:00,0000492415
21 ST,INDR36000-00-01,03/31/2020,01:00:00,0000492418
21 ST,INDR36000-00-01,03/31/2020,05:00:00,0000492420
21 ST,INDR36000-00-01,03/31/2020,09:00:00,0000492425
21 ST,INDR36000-00-01,03/31/2020,13:00:00,0000492433
21 ST,INDR36000-00-01,03/31/2020,17:00:00,0000492456
21 ST,INDR36000-00-01,03/31/2020,21:00:00,0000492466
21 ST,INDR36000-00-01,04/01/2020,01:00:00,0000492473
21 ST,INDR36000-00-01,04/01/2020,05:00:00,0000492476
21 ST,INDR36000-00-01,04/01/2020,09:00:00,0000492480
21 ST,INDR36000-00-01,04/01/2020,13:00:00,0000492491
21 ST,INDR36000-00-01,04/01/2020,17:00:00,0000492502
21 ST,INDR36000-00-01,04/01/2020,21:00:00,0000492512
21 ST,INDR36000-00-01,04/02/2020,01:00:00,0000492515
21 ST,INDR36000-00-01,04/02/2020,05:00:00,0000492515
21 ST,INDR36000-00-01,04/02/2020,09:00:00,0000492517
21 ST,INDR36000-00-01,04/02/2020,13:00:00,0000492521
21 ST,INDR36000-00-01,04/02/2020,17:00:00,0000492535
21 ST,INDR36000-00-01,04/02/2020,21:00:00,0000492547
21 ST,INDR36000-00-01,04/03/2020,01:00:00,0000492554
21 ST,INDR36000-00-01,04/03/2020,05:00:00,0000492556
21 ST,INDR36000-00-01,04/03/2020,09:00:00,0000492563
21 ST,INDR36000-00-01,04/03/2020,13:00:00,0000492570
21 ST,INDR36000-00-01,04/03/2020,17:00:00,0000492579
21 ST,INDR36000-00-01,04/03/2020,21:00:00,0000492592
21 ST,INDR36000-00-02,03/28/2020,01:00:00,0003461672
21 ST,INDR36000-00-02,03/28/2020,05:00:00,0003461672
21 ST,INDR36000-00-02,03/28/2020,09:00:00,0003461682
21 ST,INDR36000-00-02,03/28/2020,13:00:00,0003461689
21 ST,INDR36000-00-02,03/28/2020,17:00:00,0003461697
21 ST,INDR36000-00-02,03/28/2020,21:00:00,0003461704
21 ST,INDR36000-00-02,03/29/2020,01:00:00,0003461717
21 ST,INDR36000-00-02,03/29/2020,05:00:00,0003461717
21 ST,INDR36000-00-02,03/29/2020,09:00:00,0003461721
21 ST,INDR36000-00-02,03/29/2020,13:00:00,0003461725
21 ST,INDR36000-00-02,03/29/2020,17:00:00,0003461735
21 ST,INDR36000-00-02,03/29/2020,21:00:00,0003461748
21 ST,INDR36000-00-02,03/30/2020,01:00:00,0003461760
21 ST,INDR36000-00-02,03/30/2020,05:00:00,0003461761
21 ST,INDR36000-00-02,03/30/2020,09:00:00,0003461772
21 ST,INDR36000-00-02,03/30/2020,13:00:00,0003461780
21 ST,INDR36000-00-02,03/30/2020,17:00:00,0003461800
21 ST,INDR36000-00-02,03/30/2020,21:00:00,0003461823
21 ST,INDR36000-00-02,03/31/2020,01:00:00,0003461838
21 ST,INDR36000-00-02,03/31/2020,05:00:00,0003461841
21 ST,INDR36000-00-02,03/31/2020,09:00:00,0003461854
21 ST,INDR36000-00-02,03/31/2020,13:00:00,0003461870
21 ST,INDR36000-00-02,03/31/2020,17:00:00,0003461888
21 ST,INDR36000-00-02,03/31/2020,21:00:00,0003461907
21 ST,INDR36000-00-02,04/01/2020,01:00:00,0003461918
21 ST,INDR36000-00-02,04/01/2020,05:00:00,0003461921
21 ST,INDR36000-00-02,04/01/2020,09:00:00,0003461937
21 ST,INDR36000-00-02,04/01/2020,13:00:00,0003461945
21 ST,INDR36000-00-02,04/01/2020,17:00:00,0003461971
21 ST,INDR36000-00-02,04/01/2020,21:00:00,0003461993
21 ST,INDR36000-00-02,04/02/2020,01:00:00,0003462009
21 ST,INDR36000-00-02,04/02/2020,05:00:00,0003462010
21 ST,INDR36000-00-02,04/02/2020,09:00:00,0003462023
21 ST,INDR36000-00-02,04/02/2020,13:00:00,0003462034
21 ST,INDR36000-00-02,04/02/2020,17:00:00,0003462049
21 ST,INDR36000-00-02,04/02/2020,21:00:00,0003462069
21 ST,INDR36000-00-02,04/03/2020,01:00:00,0003462083
21 ST,INDR36000-00-02,04/03/2020,05:00:00,0003462088
21 ST,INDR36000-00-02,04/03/2020,09:00:00,0003462098
21 ST,INDR36000-00-02,04/03/2020,13:00:00,0003462112
21 ST,INDR36000-00-02,04/03/2020,17:00:00,0003462131
21 ST,INDR36000-00-02,04/03/2020,21:00:00,0003462146
21 ST,INDR36000-00-00,04/04/2020,01:00:00,0000651175
21 ST,INDR36000-00-00,04/04/2020,05:00:00,0000651178
21 ST,INDR36000-00-00,04/04/2020,09:00:00,0000651183
21 ST,INDR36000-00-00,04/04/2020,13:00:00,0000651194
21 ST,INDR36000-00-00,04/04/2020,17:00:00,0000651208
21 ST,INDR36000-00-00,04/04/2020,21:00:00,0000651218
21 ST,INDR36000-00-00,04/05/2020,01:00:00,0000651229
21 ST,INDR36000-00-00,04/05/2020,05:00:00,0000651231
21 ST,INDR36000-00-00,04/05/2020,09:00:00,0000651236
21 ST,INDR36000-00-00,04/05/2020,13:00:00,0000651240
21 ST,INDR36000-00-00,04/05/2020,17:00:00,0000651250
21 ST,INDR36000-00-00,04/05/2020,21:00:00,0000651255
21 ST,INDR36000-00-00,04/06/2020,01:00:00,0000651265
21 ST,INDR36000-00-00,04/06/2020,05:00:00,0000651272
21 ST,INDR36000-00-00,04/06/2020,09:00:00,0000651285
21 ST,INDR36000-00-00,04/06/2020,13:00:00,0000651295
21 ST,INDR36000-00-00,04/06/2020,17:00:00,0000651329
21 ST,INDR36000-00-00,04/06/2020,21:00:00,0000651351
21 ST,INDR36000-00-00,04/07/2020,01:00:00,0000651362
21 ST,INDR36000-00-00,04/07/2020,05:00:00,0000651365
21 ST,INDR36000-00-00,04/07/2020,09:00:00,0000651379
21 ST,INDR36000-00-00,04/07/2020,13:00:00,0000651389
21 ST,INDR36000-00-00,04/07/2020,17:00:00,0000651419
21 ST,INDR36000-00-00,04/07/2020,21:00:00,0000651443
21 ST,INDR36000-00-00,04/08/2020,01:00:00,0000651452
21 ST,INDR36000-00-00,04/08/2020,05:00:00,0000651455
21 ST,INDR36000-00-00,04/08/2020,09:00:00,0000651460
21 ST,INDR36000-00-00,04/08/2020,13:00:00,0000651473
21 ST,INDR36000-00-00,04/08/2020,17:00:00,0000651504
21 ST,INDR36000-00-00,04/08/2020,21:00:00,0000651520
21 ST,INDR36000-00-00,04/09/2020,01:00:00,0000651530
21 ST,INDR36000-00-00,04/09/2020,05:00:00,0000651532
21 ST,INDR36000-00-00,04/09/2020,09:00:00,0000651547
21 ST,INDR36000-00-00,04/09/2020,13:00:00,0000651558
21 ST,INDR36000-00-00,04/09/2020,17:00:00,0000651596
21 ST,INDR36000-00-00,04/09/2020,21:00:00,0000651614
21 ST,INDR36000-00-00,04/10/2020,01:00:00,0000651624
21 ST,INDR36000-00-00,04/10/2020,05:00:00,0000651627
21 ST,INDR36000-00-00,04/10/2020,09:00:00,0000651639
21 ST,INDR36000-00-00,04/10/2020,12:00:56,0000651647
21 ST,INDR36000-00-00,04/10/2020,13:00:00,0000651647
21 ST,INDR36000-00-00,04/10/2020,17:00:00,0000651678
21 ST,INDR36000-00-00,04/10/2020,21:00:00,0000651699
21 ST,INDR36000-00-01,04/04/2020,01:00:00,0000492599
21 ST,INDR36000-00-01,04/04/2020,05:00:00,0000492599
21 ST,INDR36000-00-01,04/04/2020,09:00:00,0000492600
21 ST,INDR36000-00-01,04/04/2020,13:00:00,0000492603
21 ST,INDR36000-00-01,04/04/2020,17:00:00,0000492614
21 ST,INDR36000-00-01,04/04/2020,21:00:00,0000492620
21 ST,INDR36000-00-01,04/05/2020,01:00:00,0000492624
21 ST,INDR36000-00-01,04/05/2020,05:00:00,0000492625
21 ST,INDR36000-00-01,04/05/2020,09:00:00,0000492627
21 ST,INDR36000-00-01,04/05/2020,13:00:00,0000492629
21 ST,INDR36000-00-01,04/05/2020,17:00:00,0000492635
21 ST,INDR36000-00-01,04/05/2020,21:00:00,0000492639
21 ST,INDR36000-00-01,04/06/2020,01:00:00,0000492641
21 ST,INDR36000-00-01,04/06/2020,05:00:00,0000492643
21 ST,INDR36000-00-01,04/06/2020,09:00:00,0000492645
21 ST,INDR36000-00-01,04/06/2020,13:00:00,0000492648
21 ST,INDR36000-00-01,04/06/2020,17:00:00,0000492665
21 ST,INDR36000-00-01,04/06/2020,21:00:00,0000492675
21 ST,INDR36000-00-01,04/07/2020,01:00:00,0000492686
21 ST,INDR36000-00-01,04/07/2020,05:00:00,0000492691
21 ST,INDR36000-00-01,04/07/2020,09:00:00,0000492695
21 ST,INDR36000-00-01,04/07/2020,13:00:00,0000492704
21 ST,INDR36000-00-01,04/07/2020,17:00:00,0000492722
21 ST,INDR36000-00-01,04/07/2020,21:00:00,0000492730
21 ST,INDR36000-00-01,04/08/2020,01:00:00,0000492734
21 ST,INDR36000-00-01,04/08/2020,05:00:00,0000492735
21 ST,INDR36000-00-01,04/08/2020,09:00:00,0000492741
21 ST,INDR36000-00-01,04/08/2020,13:00:00,0000492751
21 ST,INDR36000-00-01,04/08/2020,17:00:00,0000492764
21 ST,INDR36000-00-01,04/08/2020,21:00:00,0000492774
21 ST,INDR36000-00-01,04/09/2020,01:00:00,0000492780
21 ST,INDR36000-00-01,04/09/2020,05:00:00,0000492781
21 ST,INDR36000-00-01,04/09/2020,09:00:00,0000492786
21 ST,INDR36000-00-01,04/09/2020,13:00:00,0000492790
21 ST,INDR36000-00-01,04/09/2020,17:00:00,0000492806
21 ST,INDR36000-00-01,04/09/2020,21:00:00,0000492814
21 ST,INDR36000-00-01,04/10/2020,01:00:00,0000492820
21 ST,INDR36000-00-01,04/10/2020,05:00:00,0000492821
21 ST,INDR36000-00-01,04/10/2020,09:00:00,0000492830
21 ST,INDR36000-00-01,04/10/2020,12:00:56,0000492837
21 ST,INDR36000-00-01,04/10/2020,13:00:00,0000492837
21 ST,INDR36000-00-01,04/10/2020,17:00:00,0000492854
21 ST,INDR36000-00-01,04/10/2020,21:00:00,0000492865
21 ST,INDR36000-00-02,04/04/2020,01:00:00,0003462158
21 ST,INDR36000-00-02,04/04/2020,05:00:00,0003462162
21 ST,INDR36000-00-02,04/04/2020,09:00:00,0003462168
21 ST,INDR36000-00-02,04/04/2020,13:00:00,0003462171
21 ST,INDR36000-00-02,04/04/2020,17:00:00,0003462185
21 ST,INDR36000-00-02,04/04/2020,21:00:00,0003462191
21 ST,INDR36000-00-02,04/05/2020,01:00:00,0003462200
21 ST,INDR36000-00-02,04/05/2020,05:00:00,0003462200
21 ST,INDR36000-00-02,04/05/2020,09:00:00,0003462201
21 ST,INDR36000-00-02,04/05/2020,13:00:00,0003462205
21 ST,INDR36000-00-02,04/05/2020,17:00:00,0003462214
21 ST,INDR36000-00-02,04/05/2020,21:00:00,0003462219
21 ST,INDR36000-00-02,04/06/2020,01:00:00,0003462228
21 ST,INDR36000-00-02,04/06/2020,05:00:00,0003462231
21 ST,INDR36000-00-02,04/06/2020,09:00:00,0003462241
21 ST,INDR36000-00-02,04/06/2020,13:00:00,0003462246
21 ST,INDR36000-00-02,04/06/2020,17:00:00,0003462263
21 ST,INDR36000-00-02,04/06/2020,21:00:00,0003462283
21 ST,INDR36000-00-02,04/07/2020,01:00:00,0003462289
21 ST,INDR36000-00-02,04/07/2020,05:00:00,0003462291
21 ST,INDR36000-00-02,04/07/2020,09:00:00,0003462298
21 ST,INDR36000-00-02,04/07/2020,13:00:00,0003462306
21 ST,INDR36000-00-02,04/07/2020,17:00:00,0003462329
21 ST,INDR36000-00-02,04/07/2020,21:00:00,0003462350
21 ST,INDR36000-00-02,04/08/2020,01:00:00,0003462355
21 ST,INDR36000-00-02,04/08/2020,05:00:00,0003462356
21 ST,INDR36000-00-02,04/08/2020,09:00:00,0003462368
21 ST,INDR36000-00-02,04/08/2020,13:00:00,0003462375
21 ST,INDR36000-00-02,04/08/2020,17:00:00,0003462395
21 ST,INDR36000-00-02,04/08/2020,21:00:00,0003462420
21 ST,INDR36000-00-02,04/09/2020,01:00:00,0003462431
21 ST,INDR36000-00-02,04/09/2020,05:00:00,0003462433
21 ST,INDR36000-00-02,04/09/2020,09:00:00,0003462440
21 ST,INDR36000-00-02,04/09/2020,13:00:00,0003462450
21 ST,INDR36000-00-02,04/09/2020,17:00:00,0003462467
21 ST,INDR36000-00-02,04/09/2020,21:00:00,0003462486
21 ST,INDR36000-00-02,04/10/2020,01:00:00,0003462497
21 ST,INDR36000-00-02,04/10/2020,05:00:00,0003462497
21 ST,INDR36000-00-02,04/10/2020,09:00:00,0003462508
21 ST,INDR36000-00-02,04/10/2020,12:00:56,0003462512
21 ST,INDR36000-00-02,04/10/2020,13:00:00,0003462514
21 ST,INDR36000-00-02,04/10/2020,17:00:00,0003462528
21 ST,INDR36000-00-02,04/10/2020,21:00:00,0003462542
21 ST,INDR36000-00-00,04/11/2020,01:00:00,0000651712
21 ST,INDR36000-00-00,04/11/2020,05:00:00,0000651713
21 ST,INDR36000-00-00,04/11/2020,09:00:00,0000651717
21 ST,INDR36000-00-00,04/11/2020,13:00:00,0000651725
21 ST,INDR36000-00-00,04/11/2020,17:00:00,0000651738
21 ST,INDR36000-00-00,04/11/2020,21:00:00,0000651746
21 ST,INDR36000-00-00,04/12/2020,01:00:00,0000651754
21 ST,INDR36000-00-00,04/12/2020,05:00:00,0000651756
21 ST,INDR36000-00-00,04/12/2020,09:00:00,0000651759
21 ST,INDR36000-00-00,04/12/2020,13:00:00,0000651763
21 ST,INDR36000-00-00,04/12/2020,17:00:00,0000651770
21 ST,INDR36000-00-00,04/12/2020,21:00:00,0000651774
21 ST,INDR36000-00-00,04/13/2020,01:00:00,0000651785
21 ST,INDR36000-00-00,04/13/2020,05:00:00,0000651787
21 ST,INDR36000-00-00,04/13/2020,09:00:00,0000651796
21 ST,INDR36000-00-00,04/13/2020,13:00:00,0000651808
21 ST,INDR36000-00-00,04/13/2020,17:00:00,0000651828
21 ST,INDR36000-00-00,04/13/2020,21:00:00,0000651850
21 ST,INDR36000-00-00,04/14/2020,01:00:00,0000651863
21 ST,INDR36000-00-00,04/14/2020,05:00:00,0000651864
21 ST,INDR36000-00-00,04/14/2020,09:00:00,0000651876
21 ST,INDR36000-00-00,04/14/2020,13:00:00,0000651890
21 ST,INDR36000-00-00,04/14/2020,17:00:00,0000651921
21 ST,INDR36000-00-00,04/14/2020,21:00:00,0000651943
21 ST,INDR36000-00-00,04/15/2020,01:00:00,0000651956
21 ST,INDR36000-00-00,04/15/2020,05:00:00,0000651960
21 ST,INDR36000-00-00,04/15/2020,09:00:00,0000651972
21 ST,INDR36000-00-00,04/15/2020,13:00:00,0000651986
21 ST,INDR36000-00-00,04/15/2020,17:00:00,0000652011
21 ST,INDR36000-00-00,04/15/2020,21:00:00,0000652039
21 ST,INDR36000-00-00,04/16/2020,01:00:00,0000652052
21 ST,INDR36000-00-00,04/16/2020,05:00:00,0000652058
21 ST,INDR36000-00-00,04/16/2020,09:00:00,0000652068
21 ST,INDR36000-00-00,04/16/2020,13:00:00,0000652082
21 ST,INDR36000-00-00,04/16/2020,17:00:00,0000652109
21 ST,INDR36000-00-00,04/17/2020,04:06:49,0000652147
21 ST,INDR36000-00-00,04/17/2020,05:00:00,0000652148
21 ST,INDR36000-00-00,04/17/2020,09:00:00,0000652161
21 ST,INDR36000-00-00,04/17/2020,13:00:00,0000652179
21 ST,INDR36000-00-00,04/17/2020,17:00:00,0000652213
21 ST,INDR36000-00-00,04/17/2020,21:00:00,0000652233
21 ST,INDR36000-00-01,04/11/2020,01:00:00,0000492871
21 ST,INDR36000-00-01,04/11/2020,05:00:00,0000492871
21 ST,INDR36000-00-01,04/11/2020,09:00:00,0000492874
21 ST,INDR36000-00-01,04/11/2020,13:00:00,0000492877
21 ST,INDR36000-00-01,04/11/2020,17:00:00,0000492887
21 ST,INDR36000-00-01,04/11/2020,21:00:00,0000492898
21 ST,INDR36000-00-01,04/12/2020,01:00:00,0000492904
21 ST,INDR36000-00-01,04/12/2020,05:00:00,0000492906
21 ST,INDR36000-00-01,04/12/2020,09:00:00,0000492909
21 ST,INDR36000-00-01,04/12/2020,13:00:00,0000492912
21 ST,INDR36000-00-01,04/12/2020,17:00:00,0000492915
21 ST,INDR36000-00-01,04/12/2020,21:00:00,0000492919
21 ST,INDR36000-00-01,04/13/2020,01:00:00,0000492922
21 ST,INDR36000-00-01,04/13/2020,05:00:00,0000492924
21 ST,INDR36000-00-01,04/13/2020,09:00:00,0000492927
21 ST,INDR36000-00-01,04/13/2020,13:00:00,0000492933
21 ST,INDR36000-00-01,04/13/2020,17:00:00,0000492941
21 ST,INDR36000-00-01,04/13/2020,21:00:00,0000492955
21 ST,INDR36000-00-01,04/14/2020,01:00:00,0000492962
21 ST,INDR36000-00-01,04/14/2020,05:00:00,0000492963
21 ST,INDR36000-00-01,04/14/2020,09:00:00,0000492966
21 ST,INDR36000-00-01,04/14/2020,13:00:00,0000492972
21 ST,INDR36000-00-01,04/14/2020,17:00:00,0000492984
21 ST,INDR36000-00-01,04/14/2020,21:00:00,0000492995
21 ST,INDR36000-00-01,04/15/2020,01:00:00,0000493000
21 ST,INDR36000-00-01,04/15/2020,05:00:00,0000493000
21 ST,INDR36000-00-01,04/15/2020,09:00:00,0000493001
21 ST,INDR36000-00-01,04/15/2020,13:00:00,0000493004
21 ST,INDR36000-00-01,04/15/2020,17:00:00,0000493008
21 ST,INDR36000-00-01,04/15/2020,21:00:00,0000493019
21 ST,INDR36000-00-01,04/16/2020,01:00:00,0000493025
21 ST,INDR36000-00-01,04/16/2020,05:00:00,0000493028
21 ST,INDR36000-00-01,04/16/2020,09:00:00,0000493034
21 ST,INDR36000-00-01,04/16/2020,13:00:00,0000493042
21 ST,INDR36000-00-01,04/16/2020,17:00:00,0000493052
21 ST,INDR36000-00-01,04/17/2020,04:06:49,0000493067
21 ST,INDR36000-00-01,04/17/2020,05:00:00,0000493068
21 ST,INDR36000-00-01,04/17/2020,09:00:00,0000493070
21 ST,INDR36000-00-01,04/17/2020,13:00:00,0000493077
21 ST,INDR36000-00-01,04/17/2020,17:00:00,0000493088
21 ST,INDR36000-00-01,04/17/2020,21:00:00,0000493094
21 ST,INDR36000-00-02,04/11/2020,01:00:00,0003462553
21 ST,INDR36000-00-02,04/11/2020,05:00:00,0003462553
21 ST,INDR36000-00-02,04/11/2020,09:00:00,0003462558
21 ST,INDR36000-00-02,04/11/2020,13:00:00,0003462564
21 ST,INDR36000-00-02,04/11/2020,17:00:00,0003462574
21 ST,INDR36000-00-02,04/11/2020,21:00:00,0003462582
21 ST,INDR36000-00-02,04/12/2020,01:00:00,0003462589
21 ST,INDR36000-00-02,04/12/2020,05:00:00,0003462589
21 ST,INDR36000-00-02,04/12/2020,09:00:00,0003462593
21 ST,INDR36000-00-02,04/12/2020,13:00:00,0003462598
21 ST,INDR36000-00-02,04/12/2020,17:00:00,0003462607
21 ST,INDR36000-00-02,04/12/2020,21:00:00,0003462613
21 ST,INDR36000-00-02,04/13/2020,01:00:00,0003462621
21 ST,INDR36000-00-02,04/13/2020,05:00:00,0003462621
21 ST,INDR36000-00-02,04/13/2020,09:00:00,0003462627
21 ST,INDR36000-00-02,04/13/2020,13:00:00,0003462630
21 ST,INDR36000-00-02,04/13/2020,17:00:00,0003462645
21 ST,INDR36000-00-02,04/13/2020,21:00:00,0003462657
21 ST,INDR36000-00-02,04/14/2020,01:00:00,0003462669
21 ST,INDR36000-00-02,04/14/2020,05:00:00,0003462670
21 ST,INDR36000-00-02,04/14/2020,09:00:00,0003462679
21 ST,INDR36000-00-02,04/14/2020,13:00:00,0003462687
21 ST,INDR36000-00-02,04/14/2020,17:00:00,0003462710
21 ST,INDR36000-00-02,04/14/2020,21:00:00,0003462727
21 ST,INDR36000-00-02,04/15/2020,01:00:00,0003462736
21 ST,INDR36000-00-02,04/15/2020,05:00:00,0003462737
21 ST,INDR36000-00-02,04/15/2020,09:00:00,0003462744
21 ST,INDR36000-00-02,04/15/2020,13:00:00,0003462748
21 ST,INDR36000-00-02,04/15/2020,17:00:00,0003462770
21 ST,INDR36000-00-02,04/15/2020,21:00:00,0003462789
21 ST,INDR36000-00-02,04/16/2020,01:00:00,0003462798
21 ST,INDR36000-00-02,04/16/2020,05:00:00,0003462801
21 ST,INDR36000-00-02,04/16/2020,09:00:00,0003462811
21 ST,INDR36000-00-02,04/16/2020,13:00:00,0003462819
21 ST,INDR36000-00-02,04/16/2020,17:00:00,0003462838
21 ST,INDR36000-00-02,04/17/2020,04:06:49,0003462877
21 ST,INDR36000-00-02,04/17/2020,05:00:00,0003462877
21 ST,INDR36000-00-02,04/17/2020,09:00:00,0003462884
21 ST,INDR36000-00-02,04/17/2020,13:00:00,0003462894
21 ST,INDR36000-00-02,04/17/2020,17:00:00,0003462918
21 ST,INDR36000-00-02,04/17/2020,21:00:00,0003462935
21 ST,INDR36000-00-00,04/18/2020,01:00:00,0000652243
21 ST,INDR36000-00-00,04/18/2020,05:00:00,0000652251
21 ST,INDR36000-00-00,04/18/2020,09:00:00,0000652254
21 ST,INDR36000-00-00,04/18/2020,13:00:00,0000652263
21 ST,INDR36000-00-00,04/18/2020,17:00:00,0000652274
21 ST,INDR36000-00-00,04/18/2020,21:00:00,0000652280
21 ST,INDR36000-00-00,04/19/2020,01:00:00,0000652289
21 ST,INDR36000-00-00,04/19/2020,05:00:00,0000652292
21 ST,INDR36000-00-00,04/19/2020,09:00:00,0000652298
21 ST,INDR36000-00-00,04/19/2020,13:00:00,0000652302
21 ST,INDR36000-00-00,04/19/2020,17:00:00,0000652311
21 ST,INDR36000-00-00,04/19/2020,21:00:00,0000652317
21 ST,INDR36000-00-00,04/20/2020,01:00:00,0000652328
21 ST,INDR36000-00-00,04/20/2020,05:00:00,0000652333
21 ST,INDR36000-00-00,04/20/2020,09:00:00,0000652346
21 ST,INDR36000-00-00,04/20/2020,13:00:00,0000652358
21 ST,INDR36000-00-00,04/20/2020,17:00:00,0000652385
21 ST,INDR36000-00-00,04/20/2020,21:00:00,0000652407
21 ST,INDR36000-00-00,04/21/2020,01:00:00,0000652423
21 ST,INDR36000-00-00,04/21/2020,05:00:00,0000652424
21 ST,INDR36000-00-00,04/21/2020,09:00:00,0000652437
21 ST,INDR36000-00-00,04/21/2020,13:00:00,0000652448
21 ST,INDR36000-00-00,04/21/2020,17:00:00,0000652482
21 ST,INDR36000-00-00,04/21/2020,21:00:00,0000652501
21 ST,INDR36000-00-00,04/22/2020,01:00:00,0000652509
21 ST,INDR36000-00-00,04/22/2020,05:00:00,0000652513
21 ST,INDR36000-00-00,04/22/2020,09:00:00,0000652527
21 ST,INDR36000-00-00,04/22/2020,13:00:00,0000652532
21 ST,INDR36000-00-00,04/22/2020,17:00:00,0000652570
21 ST,INDR36000-00-00,04/22/2020,21:00:00,0000652590
21 ST,INDR36000-00-00,04/23/2020,01:00:00,0000652609
21 ST,INDR36000-00-00,04/23/2020,05:00:00,0000652616
21 ST,INDR36000-00-00,04/23/2020,09:00:00,0000652627
21 ST,INDR36000-00-00,04/23/2020,13:00:00,0000652644
21 ST,INDR36000-00-00,04/23/2020,17:00:00,0000652673
21 ST,INDR36000-00-00,04/23/2020,21:00:00,0000652696
21 ST,INDR36000-00-00,04/24/2020,01:00:00,0000652714
21 ST,INDR36000-00-00,04/24/2020,05:00:00,0000652723
21 ST,INDR36000-00-00,04/24/2020,09:00:00,0000652739
21 ST,INDR36000-00-00,04/24/2020,13:00:00,0000652751
21 ST,INDR36000-00-00,04/24/2020,17:00:00,0000652780
21 ST,INDR36000-00-00,04/24/2020,21:00:00,0000652798
21 ST,INDR36000-00-01,04/18/2020,01:00:00,0000493101
21 ST,INDR36000-00-01,04/18/2020,05:00:00,0000493102
21 ST,INDR36000-00-01,04/18/2020,09:00:00,0000493103
21 ST,INDR36000-00-01,04/18/2020,13:00:00,0000493107
21 ST,INDR36000-00-01,04/18/2020,17:00:00,0000493111
21 ST,INDR36000-00-01,04/18/2020,21:00:00,0000493114
21 ST,INDR36000-00-01,04/19/2020,01:00:00,0000493117
21 ST,INDR36000-00-01,04/19/2020,05:00:00,0000493117
21 ST,INDR36000-00-01,04/19/2020,09:00:00,0000493118
21 ST,INDR36000-00-01,04/19/2020,13:00:00,0000493120
21 ST,INDR36000-00-01,04/19/2020,17:00:00,0000493126
21 ST,INDR36000-00-01,04/19/2020,21:00:00,0000493128
21 ST,INDR36000-00-01,04/20/2020,01:00:00,0000493131
21 ST,INDR36000-00-01,04/20/2020,05:00:00,0000493133
21 ST,INDR36000-00-01,04/20/2020,09:00:00,0000493140
21 ST,INDR36000-00-01,04/20/2020,13:00:00,0000493146
21 ST,INDR36000-00-01,04/20/2020,17:00:00,0000493161
21 ST,INDR36000-00-01,04/20/2020,21:00:00,0000493172
21 ST,INDR36000-00-01,04/21/2020,01:00:00,0000493179
21 ST,INDR36000-00-01,04/21/2020,05:00:00,0000493180
21 ST,INDR36000-00-01,04/21/2020,09:00:00,0000493182
21 ST,INDR36000-00-01,04/21/2020,13:00:00,0000493189
21 ST,INDR36000-00-01,04/21/2020,17:00:00,0000493198
21 ST,INDR36000-00-01,04/21/2020,21:00:00,0000493204
21 ST,INDR36000-00-01,04/22/2020,01:00:00,0000493208
21 ST,INDR36000-00-01,04/22/2020,05:00:00,0000493209
21 ST,INDR36000-00-01,04/22/2020,09:00:00,0000493215
21 ST,INDR36000-00-01,04/22/2020,13:00:00,0000493219
21 ST,INDR36000-00-01,04/22/2020,17:00:00,0000493231
21 ST,INDR36000-00-01,04/22/2020,21:00:00,0000493235
21 ST,INDR36000-00-01,04/23/2020,01:00:00,0000493239
21 ST,INDR36000-00-01,04/23/2020,05:00:00,0000493240
21 ST,INDR36000-00-01,04/23/2020,09:00:00,0000493246
21 ST,INDR36000-00-01,04/23/2020,13:00:00,0000493251
21 ST,INDR36000-00-01,04/23/2020,17:00:00,0000493264
21 ST,INDR36000-00-01,04/23/2020,21:00:00,0000493280
21 ST,INDR36000-00-01,04/24/2020,01:00:00,0000493285
21 ST,INDR36000-00-01,04/24/2020,05:00:00,0000493288
21 ST,INDR36000-00-01,04/24/2020,09:00:00,0000493292
21 ST,INDR36000-00-01,04/24/2020,13:00:00,0000493298
21 ST,INDR36000-00-01,04/24/2020,17:00:00,0000493311
21 ST,INDR36000-00-01,04/24/2020,21:00:00,0000493328
21 ST,INDR36000-00-02,04/18/2020,01:00:00,0003462946
21 ST,INDR36000-00-02,04/18/2020,05:00:00,0003462949
21 ST,INDR36000-00-02,04/18/2020,09:00:00,0003462952
21 ST,INDR36000-00-02,04/18/2020,13:00:00,0003462956
21 ST,INDR36000-00-02,04/18/2020,17:00:00,0003462965
21 ST,INDR36000-00-02,04/18/2020,21:00:00,0003462971
21 ST,INDR36000-00-02,04/19/2020,01:00:00,0003462982
21 ST,INDR36000-00-02,04/19/2020,05:00:00,0003462982
21 ST,INDR36000-00-02,04/19/2020,09:00:00,0003462983
21 ST,INDR36000-00-02,04/19/2020,13:00:00,0003462990
21 ST,INDR36000-00-02,04/19/2020,17:00:00,0003462999
21 ST,INDR36000-00-02,04/19/2020,21:00:00,0003463009
21 ST,INDR36000-00-02,04/20/2020,01:00:00,0003463017
21 ST,INDR36000-00-02,04/20/2020,05:00:00,0003463019
21 ST,INDR36000-00-02,04/20/2020,09:00:00,0003463025
21 ST,INDR36000-00-02,04/20/2020,13:00:00,0003463040
21 ST,INDR36000-00-02,04/20/2020,17:00:00,0003463065
21 ST,INDR36000-00-02,04/20/2020,21:00:00,0003463083
21 ST,INDR36000-00-02,04/21/2020,01:00:00,0003463091
21 ST,INDR36000-00-02,04/21/2020,05:00:00,0003463092
21 ST,INDR36000-00-02,04/21/2020,09:00:00,0003463103
21 ST,INDR36000-00-02,04/21/2020,13:00:00,0003463114
21 ST,INDR36000-00-02,04/21/2020,17:00:00,0003463137
21 ST,INDR36000-00-02,04/21/2020,21:00:00,0003463152
21 ST,INDR36000-00-02,04/22/2020,01:00:00,0003463162
21 ST,INDR36000-00-02,04/22/2020,05:00:00,0003463163
21 ST,INDR36000-00-02,04/22/2020,09:00:00,0003463172
21 ST,INDR36000-00-02,04/22/2020,13:00:00,0003463178
21 ST,INDR36000-00-02,04/22/2020,17:00:00,0003463209
21 ST,INDR36000-00-02,04/22/2020,21:00:00,0003463227
21 ST,INDR36000-00-02,04/23/2020,01:00:00,0003463236
21 ST,INDR36000-00-02,04/23/2020,05:00:00,0003463238
21 ST,INDR36000-00-02,04/23/2020,09:00:00,0003463249
21 ST,INDR36000-00-02,04/23/2020,13:00:00,0003463255
21 ST,INDR36000-00-02,04/23/2020,17:00:00,0003463273
21 ST,INDR36000-00-02,04/23/2020,21:00:00,0003463299
21 ST,INDR36000-00-02,04/24/2020,01:00:00,0003463313
21 ST,INDR36000-00-02,04/24/2020,05:00:00,0003463315
21 ST,INDR36000-00-02,04/24/2020,09:00:00,0003463322
21 ST,INDR36000-00-02,04/24/2020,13:00:00,0003463332
21 ST,INDR36000-00-02,04/24/2020,17:00:00,0003463352
21 ST,INDR36000-00-02,04/24/2020,21:00:00,0003463370
