LIBERTY AV,INDR44000-00-00,02/01/2020,00:00:00,0001497441
LIBERTY AV,INDR44000-00-00,02/01/2020,04:00:00,0001497451
LIBERTY AV,INDR44000-00-00,02/01/2020,08:00:00,0001497481
LIBERTY AV,INDR44000-00-00,02/01/2020,12:00:00,0001497542
LIBERTY AV,INDR44000-00-00,02/01/2020,16:00:00,0001497674
LIBERTY AV,INDR44000-00-00,02/01/2020,20:00:00,0001497745
LIBERTY AV,INDR44000-00-00,02/02/2020,00:00:00,0001497775
LIBERTY AV,INDR44000-00-00,02/02/2020,04:00:00,0001497786
LIBERTY AV,INDR44000-00-00,02/02/2020,08:00:00,0001497803
LIBERTY AV,INDR44000-00-00,02/02/2020,12:00:00,0001497854
LIBERTY AV,INDR44000-00-00,02/02/2020,16:00:00,0001497938
LIBERTY AV,INDR44000-00-00,02/02/2020,20:00:00,0001497986
LIBERTY AV,INDR44000-00-00,02/03/2020,00:00:00,0001498004
LIBERTY AV,INDR44000-00-00,02/03/2020,04:00:00,0001498016
LIBERTY AV,INDR44000-00-00,02/03/2020,08:00:00,0001498170
LIBERTY AV,INDR44000-00-00,02/03/2020,12:00:00,0001498322
LIBERTY AV,INDR44000-00-00,02/03/2020,16:00:00,0001498491
LIBERTY AV,INDR44000-00-00,02/03/2020,20:00:00,0001498668
LIBERTY AV,INDR44000-00-00,02/04/2020,00:00:00,0001498695
LIBERTY AV,INDR44000-00-00,02/04/2020,04:00:00,0001498708
LIBERTY AV,INDR44000-00-00,02/04/2020,08:00:00,0001498890
LIBERTY AV,INDR44000-00-00,02/04/2020,12:00:00,0001499058
LIBERTY AV,INDR44000-00-00,02/04/2020,16:00:00,0001499239
LIBERTY AV,INDR44000-00-00,02/04/2020,20:00:00,0001499426
LIBERTY AV,INDR44000-00-00,02/05/2020,00:00:00,0001499460
LIBERTY AV,INDR44000-00-00,02/05/2020,04:00:00,0001499472
LIBERTY AV,INDR44000-00-00,02/05/2020,08:00:00,0001499657
LIBERTY AV,INDR44000-00-00,02/05/2020,12:00:00,0001499816
LIBERTY AV,INDR44000-00-00,02/05/2020,16:00:00,0001499969
LIBERTY AV,INDR44000-00-00,02/05/2020,20:00:00,0001500151
LIBERTY AV,INDR44000-00-00,02/06/2020,00:00:00,0001500177
LIBERTY AV,INDR44000-00-00,02/06/2020,04:00:00,0001500186
LIBERTY AV,INDR44000-00-00,02/06/2020,08:00:00,0001500357
LIBERTY AV,INDR44000-00-00,02/06/2020,12:00:00,0001500511
LIBERTY AV,INDR44000-00-00,02/06/2020,16:00:00,0001500693
LIBERTY AV,INDR44000-00-00,02/06/2020,20:00:00,0001500867
LIBERTY AV,INDR44000-00-00,02/07/2020,00:00:00,0001500884
LIBERTY AV,INDR44000-00-00,02/07/2020,04:00:00,0001500896
LIBERTY AV,INDR44000-00-00,02/07/2020,08:00:00,0001501055
LIBERTY AV,INDR44000-00-00,02/07/2020,12:00:00,0001501215
LIBERTY AV,INDR44000-00-00,02/07/2020,16:00:00,0001501415
LIBERTY AV,INDR44000-00-00,02/07/2020,20:00:00,0001501563
LIBERTY AV,INDR44000-00-01,02/01/2020,00:00:00,0005521124
LIBERTY AV,INDR44000-00-01,02/01/2020,04:00:00,0005521143
LIBERTY AV,INDR44000-00-01,02/01/2020,08:00:00,0005521180
LIBERTY AV,INDR44000-00-01,02/01/2020,12:00:00,0005521260
LIBERTY AV,INDR44000-00-01,02/01/2020,16:00:00,0005521381
LIBERTY AV,INDR44000-00-01,02/01/2020,20:00:00,0005521477
LIBERTY AV,INDR44000-00-01,02/02/2020,00:00:00,0005521500
LIBERTY AV,INDR44000-00-01,02/02/2020,04:00:00,0005521510
LIBERTY AV,INDR44000-00-01,02/02/2020,08:00:00,0005521540
LIBERTY AV,INDR44000-00-01,02/02/2020,12:00:00,0005521601
LIBERTY AV,INDR44000-00-01,02/02/2020,16:00:00,0005521681
LIBERTY AV,INDR44000-00-01,02/02/2020,20:00:00,0005521723
LIBERTY AV,INDR44000-00-01,02/03/2020,00:00:00,0005521742
LIBERTY AV,INDR44000-00-01,02/03/2020,04:00:00,0005521752
LIBERTY AV,INDR44000-00-01,02/03/2020,08:00:00,0005521936
LIBERTY AV,INDR44000-00-01,02/03/2020,12:00:00,0005522128
LIBERTY AV,INDR44000-00-01,02/03/2020,16:00:00,0005522310
LIBERTY AV,INDR44000-00-01,02/03/2020,20:00:00,0005522487
LIBERTY AV,INDR44000-00-01,02/04/2020,00:00:00,0005522514
LIBERTY AV,INDR44000-00-01,02/04/2020,04:00:00,0005522522
LIBERTY AV,INDR44000-00-01,02/04/2020,08:00:00,0005522715
LIBERTY AV,INDR44000-00-01,02/04/2020,12:00:00,0005522873
LIBERTY AV,INDR44000-00-01,02/04/2020,16:00:00,0005523017
LIBERTY AV,INDR44000-00-01,02/04/2020,20:00:00,0005523188
LIBERTY AV,INDR44000-00-01,02/05/2020,00:00:00,0005523215
LIBERTY AV,INDR44000-00-01,02/05/2020,04:00:00,0005523220
LIBERTY AV,INDR44000-00-01,02/05/2020,08:00:00,0005523405
LIBERTY AV,INDR44000-00-01,02/05/2020,12:00:00,0005523608
LIBERTY AV,INDR44000-00-01,02/05/2020,16:00:00,0005523776
LIBERTY AV,INDR44000-00-01,02/05/2020,20:00:00,0005523955
LIBERTY AV,INDR44000-00-01,02/06/2020,00:00:00,0005523984
LIBERTY AV,INDR44000-00-01,02/06/2020,04:00:00,0005523989
LIBERTY AV,INDR44000-00-01,02/06/2020,08:00:00,0005524154
LIBERTY AV,INDR44000-00-01,02/06/2020,12:00:00,0005524333
LIBERTY AV,INDR44000-00-01,02/06/2020,16:00:00,0005524534
LIBERTY AV,INDR44000-00-01,02/06/2020,20:00:00,0005524710
LIBERTY AV,INDR44000-00-01,02/07/2020,00:00:00,0005524742
LIBERTY AV,INDR44000-00-01,02/07/2020,04:00:00,0005524751
LIBERTY AV,INDR44000-00-01,02/07/2020,08:00:00,0005524913
LIBERTY AV,INDR44000-00-01,02/07/2020,12:00:00,0005525097
LIBERTY AV,INDR44000-00-01,02/07/2020,16:00:00,0005525295
LIBERTY AV,INDR44000-00-01,02/07/2020,20:00:00,0005525464
LIBERTY AV,INDR44000-00-02,02/01/2020,00:00:00,0007130205
LIBERTY AV,INDR44000-00-02,02/01/2020,04:00:00,0007130230
LIBERTY AV,INDR44000-00-02,02/01/2020,08:00:00,0007130329
LIBERTY AV,INDR44000-00-02,02/01/2020,12:00:00,0007130523
LIBERTY AV,INDR44000-00-02,02/01/2020,16:00:00,0007130766
LIBERTY AV,INDR44000-00-02,02/01/2020,20:00:00,0007130951
LIBERTY AV,INDR44000-00-02,02/02/2020,00:00:00,0007131032
LIBERTY AV,INDR44000-00-02,02/02/2020,04:00:00,0007131061
LIBERTY AV,INDR44000-00-02,02/02/2020,08:00:00,0007131143
LIBERTY AV,INDR44000-00-02,02/02/2020,12:00:00,0007131283
LIBERTY AV,INDR44000-00-02,02/02/2020,16:00:00,0007131501
LIBERTY AV,INDR44000-00-02,02/02/2020,20:00:00,0007131610
LIBERTY AV,INDR44000-00-02,02/03/2020,00:00:00,0007131664
LIBERTY AV,INDR44000-00-02,02/03/2020,04:00:00,0007131691
LIBERTY AV,INDR44000-00-02,02/03/2020,08:00:00,0007132079
LIBERTY AV,INDR44000-00-02,02/03/2020,12:00:00,0007132450
LIBERTY AV,INDR44000-00-02,02/03/2020,16:00:00,0007132808
LIBERTY AV,INDR44000-00-02,02/03/2020,20:00:00,0007133136
LIBERTY AV,INDR44000-00-02,02/04/2020,00:00:00,0007133199
LIBERTY AV,INDR44000-00-02,02/04/2020,04:00:00,0007133224
LIBERTY AV,INDR44000-00-02,02/04/2020,08:00:00,0007133643
LIBERTY AV,INDR44000-00-02,02/04/2020,12:00:00,0007134026
LIBERTY AV,INDR44000-00-02,02/04/2020,16:00:00,0007134386
LIBERTY AV,INDR44000-00-02,02/04/2020,20:00:00,0007134753
LIBERTY AV,INDR44000-00-02,02/05/2020,00:00:00,0007134832
LIBERTY AV,INDR44000-00-02,02/05/2020,04:00:00,0007134865
LIBERTY AV,INDR44000-00-02,02/05/2020,08:00:00,0007135239
LIBERTY AV,INDR44000-00-02,02/05/2020,12:00:00,0007135680
LIBERTY AV,INDR44000-00-02,02/05/2020,16:00:00,0007136005
LIBERTY AV,INDR44000-00-02,02/05/2020,20:00:00,0007136338
LIBERTY AV,INDR44000-00-02,02/06/2020,00:00:00,0007136419
LIBERTY AV,INDR44000-00-02,02/06/2020,04:00:00,0007136447
LIBERTY AV,INDR44000-00-02,02/06/2020,08:00:00,0007136822
LIBERTY AV,INDR44000-00-02,02/06/2020,12:00:00,0007137218
LIBERTY AV,INDR44000-00-02,02/06/2020,16:00:00,0007137600
LIBERTY AV,INDR44000-00-02,02/06/2020,20:00:00,0007137926
LIBERTY AV,INDR44000-00-02,02/07/2020,00:00:00,0007138008
LIBERTY AV,INDR44000-00-02,02/07/2020,04:00:00,0007138036
LIBERTY AV,INDR44000-00-02,02/07/2020,08:00:00,0007138381
LIBERTY AV,INDR44000-00-02,02/07/2020,12:00:00,0007138793
LIBERTY AV,INDR44000-00-02,02/07/2020,16:00:00,0007139216
LIBERTY AV,INDR44000-00-02,02/07/2020,20:00:00,0007139535
LIBERTY AV,INDR44000-00-00,02/08/2020,00:00:00,0001501603
LIBERTY AV,INDR44000-00-00,02/08/2020,04:00:00,0001501611
LIBERTY AV,INDR44000-00-00,02/08/2020,08:00:00,0001501641
LIBERTY AV,INDR44000-00-00,02/08/2020,12:00:00,0001501716
LIBERTY AV,INDR44000-00-00,02/08/2020,16:00:00,0001501823
LIBERTY AV,INDR44000-00-00,02/08/2020,20:00:00,0001501896
LIBERTY AV,INDR44000-00-00,02/09/2020,00:00:00,0001501923
LIBERTY AV,INDR44000-00-00,02/09/2020,04:00:00,0001501932
LIBERTY AV,INDR44000-00-00,02/09/2020,08:00:00,0001501953
LIBERTY AV,INDR44000-00-00,02/09/2020,12:00:00,0001502002
LIBERTY AV,INDR44000-00-00,02/09/2020,16:00:00,0001502099
LIBERTY AV,INDR44000-00-00,02/09/2020,20:00:00,0001502148
LIBERTY AV,INDR44000-00-00,02/10/2020,00:00:00,0001502171
LIBERTY AV,INDR44000-00-00,02/10/2020,04:00:00,0001502178
LIBERTY AV,INDR44000-00-00,02/10/2020,08:00:00,0001502343
LIBERTY AV,INDR44000-00-00,02/10/2020,12:00:00,0001502519
LIBERTY AV,INDR44000-00-00,02/10/2020,16:00:00,0001502661
LIBERTY AV,INDR44000-00-00,02/10/2020,20:00:00,0001502844
LIBERTY AV,INDR44000-00-00,02/11/2020,00:00:00,0001502874
LIBERTY AV,INDR44000-00-00,02/11/2020,04:00:00,0001502879
LIBERTY AV,INDR44000-00-00,02/11/2020,08:00:00,0001503066
LIBERTY AV,INDR44000-00-00,02/11/2020,12:00:00,0001503258
LIBERTY AV,INDR44000-00-00,02/11/2020,16:00:00,0001503419
LIBERTY AV,INDR44000-00-00,02/11/2020,20:00:00,0001503627
LIBERTY AV,INDR44000-00-00,02/12/2020,00:00:00,0001503659
LIBERTY AV,INDR44000-00-00,02/12/2020,04:00:00,0001503667
LIBERTY AV,INDR44000-00-00,02/12/2020,08:00:00,0001503840
LIBERTY AV,INDR44000-00-00,02/12/2020,12:00:00,0001504005
LIBERTY AV,INDR44000-00-00,02/12/2020,16:00:00,0001504165
LIBERTY AV,INDR44000-00-00,02/12/2020,20:00:00,0001504356
LIBERTY AV,INDR44000-00-00,02/13/2020,00:00:00,0001504379
LIBERTY AV,INDR44000-00-00,02/13/2020,04:00:00,0001504384
LIBERTY AV,INDR44000-00-00,02/13/2020,08:00:00,0001504561
LIBERTY AV,INDR44000-00-00,02/13/2020,12:00:00,0001504727
LIBERTY AV,INDR44000-00-00,02/13/2020,16:00:00,0001504870
LIBERTY AV,INDR44000-00-00,02/13/2020,20:00:00,0001505046
LIBERTY AV,INDR44000-00-00,02/14/2020,00:00:00,0001505074
LIBERTY AV,INDR44000-00-00,02/14/2020,04:00:00,0001505083
LIBERTY AV,INDR44000-00-00,02/14/2020,08:00:00,0001505239
LIBERTY AV,INDR44000-00-00,02/14/2020,12:00:00,0001505402
LIBERTY AV,INDR44000-00-00,02/14/2020,16:00:00,0001505600
LIBERTY AV,INDR44000-00-00,02/14/2020,20:00:00,0001505709
LIBERTY AV,INDR44000-00-01,02/08/2020,00:00:00,0005525489
LIBERTY AV,INDR44000-00-01,02/08/2020,04:00:00,0005525500
LIBERTY AV,INDR44000-00-01,02/08/2020,08:00:00,0005525530
LIBERTY AV,INDR44000-00-01,02/08/2020,12:00:00,0005525613
LIBERTY AV,INDR44000-00-01,02/08/2020,16:00:00,0005525734
LIBERTY AV,INDR44000-00-01,02/08/2020,20:00:00,0005525811
LIBERTY AV,INDR44000-00-01,02/09/2020,00:00:00,0005525838
LIBERTY AV,INDR44000-00-01,02/09/2020,04:00:00,0005525843
LIBERTY AV,INDR44000-00-01,02/09/2020,08:00:00,0005525871
LIBERTY AV,INDR44000-00-01,02/09/2020,12:00:00,0005525919
LIBERTY AV,INDR44000-00-01,02/09/2020,16:00:00,0005526009
LIBERTY AV,INDR44000-00-01,02/09/2020,20:00:00,0005526054
LIBERTY AV,INDR44000-00-01,02/10/2020,00:00:00,0005526077
LIBERTY AV,INDR44000-00-01,02/10/2020,04:00:00,0005526082
LIBERTY AV,INDR44000-00-01,02/10/2020,08:00:00,0005526268
LIBERTY AV,INDR44000-00-01,02/10/2020,12:00:00,0005526428
LIBERTY AV,INDR44000-00-01,02/10/2020,16:00:00,0005526586
LIBERTY AV,INDR44000-00-01,02/10/2020,20:00:00,0005526755
LIBERTY AV,INDR44000-00-01,02/11/2020,00:00:00,0005526788
LIBERTY AV,INDR44000-00-01,02/11/2020,04:00:00,0005526796
LIBERTY AV,INDR44000-00-01,02/11/2020,08:00:00,0005527007
LIBERTY AV,INDR44000-00-01,02/11/2020,12:00:00,0005527254
LIBERTY AV,INDR44000-00-01,02/11/2020,16:00:00,0005527426
LIBERTY AV,INDR44000-00-01,02/11/2020,20:00:00,0005527592
LIBERTY AV,INDR44000-00-01,02/12/2020,00:00:00,0005527626
LIBERTY AV,INDR44000-00-01,02/12/2020,04:00:00,0005527634
LIBERTY AV,INDR44000-00-01,02/12/2020,08:00:00,0005527822
LIBERTY AV,INDR44000-00-01,02/12/2020,12:00:00,0005527987
LIBERTY AV,INDR44000-00-01,02/12/2020,16:00:00,0005528136
LIBERTY AV,INDR44000-00-01,02/12/2020,20:00:00,0005528309
LIBERTY AV,INDR44000-00-01,02/13/2020,00:00:00,0005528337
LIBERTY AV,INDR44000-00-01,02/13/2020,04:00:00,0005528347
LIBERTY AV,INDR44000-00-01,02/13/2020,08:00:00,0005528519
LIBERTY AV,INDR44000-00-01,02/13/2020,12:00:00,0005528708
LIBERTY AV,INDR44000-00-01,02/13/2020,16:00:00,0005528872
LIBERTY AV,INDR44000-00-01,02/13/2020,20:00:00,0005529047
LIBERTY AV,INDR44000-00-01,02/14/2020,00:00:00,0005529073
LIBERTY AV,INDR44000-00-01,02/14/2020,04:00:00,0005529086
LIBERTY AV,INDR44000-00-01,02/14/2020,08:00:00,0005529264
LIBERTY AV,INDR44000-00-01,02/14/2020,12:00:00,0005529440
LIBERTY AV,INDR44000-00-01,02/14/2020,16:00:00,0005529633
LIBERTY AV,INDR44000-00-01,02/14/2020,20:00:00,0005529748
LIBERTY AV,INDR44000-00-02,02/08/2020,00:00:00,0007139607
LIBERTY AV,INDR44000-00-02,02/08/2020,04:00:00,0007139636
LIBERTY AV,INDR44000-00-02,02/08/2020,08:00:00,0007139725
LIBERTY AV,INDR44000-00-02,02/08/2020,12:00:00,0007139955
LIBERTY AV,INDR44000-00-02,02/08/2020,16:00:00,0007140166
LIBERTY AV,INDR44000-00-02,02/08/2020,20:00:00,0007140318
LIBERTY AV,INDR44000-00-02,02/09/2020,00:00:00,0007140392
LIBERTY AV,INDR44000-00-02,02/09/2020,04:00:00,0007140408
LIBERTY AV,INDR44000-00-02,02/09/2020,08:00:00,0007140484
LIBERTY AV,INDR44000-00-02,02/09/2020,12:00:00,0007140633
LIBERTY AV,INDR44000-00-02,02/09/2020,16:00:00,0007140845
LIBERTY AV,INDR44000-00-02,02/09/2020,20:00:00,0007140957
LIBERTY AV,INDR44000-00-02,02/10/2020,00:00:00,0007141016
LIBERTY AV,INDR44000-00-02,02/10/2020,04:00:00,0007141033
LIBERTY AV,INDR44000-00-02,02/10/2020,08:00:00,0007141402
LIBERTY AV,INDR44000-00-02,02/10/2020,12:00:00,0007141814
LIBERTY AV,INDR44000-00-02,02/10/2020,16:00:00,0007142164
LIBERTY AV,INDR44000-00-02,02/10/2020,20:00:00,0007142475
LIBERTY AV,INDR44000-00-02,02/11/2020,00:00:00,0007142548
LIBERTY AV,INDR44000-00-02,02/11/2020,04:00:00,0007142573
LIBERTY AV,INDR44000-00-02,02/11/2020,08:00:00,0007143006
LIBERTY AV,INDR44000-00-02,02/11/2020,12:00:00,0007143450
LIBERTY AV,INDR44000-00-02,02/11/2020,16:00:00,0007143810
LIBERTY AV,INDR44000-00-02,02/11/2020,20:00:00,0007144143
LIBERTY AV,INDR44000-00-02,02/12/2020,00:00:00,0007144241
LIBERTY AV,INDR44000-00-02,02/12/2020,04:00:00,0007144265
LIBERTY AV,INDR44000-00-02,02/12/2020,08:00:00,0007144625
LIBERTY AV,INDR44000-00-02,02/12/2020,12:00:00,0007144994
LIBERTY AV,INDR44000-00-02,02/12/2020,16:00:00,0007145341
LIBERTY AV,INDR44000-00-02,02/12/2020,20:00:00,0007145695
LIBERTY AV,INDR44000-00-02,02/13/2020,00:00:00,0007145778
LIBERTY AV,INDR44000-00-02,02/13/2020,04:00:00,0007145804
LIBERTY AV,INDR44000-00-02,02/13/2020,08:00:00,0007146173
LIBERTY AV,INDR44000-00-02,02/13/2020,12:00:00,0007146582
LIBERTY AV,INDR44000-00-02,02/13/2020,16:00:00,0007146942
LIBERTY AV,INDR44000-00-02,02/13/2020,20:00:00,0007147299
LIBERTY AV,INDR44000-00-02,02/14/2020,00:00:00,0007147383
LIBERTY AV,INDR44000-00-02,02/14/2020,04:00:00,0007147403
LIBERTY AV,INDR44000-00-02,02/14/2020,08:00:00,0007147765
LIBERTY AV,INDR44000-00-02,02/14/2020,12:00:00,0007148144
LIBERTY AV,INDR44000-00-02,02/14/2020,16:00:00,0007148521
LIBERTY AV,INDR44000-00-02,02/14/2020,20:00:00,0007148816
LIBERTY AV,INDR44000-00-00,02/15/2020,00:00:00,0001505736
LIBERTY AV,INDR44000-00-00,02/15/2020,04:00:00,0001505749
LIBERTY AV,INDR44000-00-00,02/15/2020,08:00:00,0001505772
LIBERTY AV,INDR44000-00-00,02/15/2020,12:00:00,0001505830
LIBERTY AV,INDR44000-00-00,02/15/2020,16:00:00,0001505927
LIBERTY AV,INDR44000-00-00,02/15/2020,20:00:00,0001505976
LIBERTY AV,INDR44000-00-00,02/16/2020,00:00:00,0001506006
LIBERTY AV,INDR44000-00-00,02/16/2020,04:00:00,0001506013
LIBERTY AV,INDR44000-00-00,02/16/2020,08:00:00,0001506042
LIBERTY AV,INDR44000-00-00,02/16/2020,12:00:00,0001506095
LIBERTY AV,INDR44000-00-00,02/16/2020,16:00:00,0001506158
LIBERTY AV,INDR44000-00-00,02/16/2020,20:00:00,0001506191
LIBERTY AV,INDR44000-00-00,02/17/2020,00:00:00,0001506208
LIBERTY AV,INDR44000-00-00,02/17/2020,04:00:00,0001506214
LIBERTY AV,INDR44000-00-00,02/17/2020,08:00:00,0001506281
LIBERTY AV,INDR44000-00-00,02/17/2020,12:00:00,0001506359
LIBERTY AV,INDR44000-00-00,02/17/2020,16:00:00,0001506447
LIBERTY AV,INDR44000-00-00,02/17/2020,20:00:00,0001506548
LIBERTY AV,INDR44000-00-00,02/18/2020,00:00:00,0001506569
LIBERTY AV,INDR44000-00-00,02/18/2020,04:00:00,0001506576
LIBERTY AV,INDR44000-00-00,02/18/2020,08:00:00,0001506692
LIBERTY AV,INDR44000-00-00,02/18/2020,12:00:00,0001506824
LIBERTY AV,INDR44000-00-00,02/18/2020,16:00:00,0001506953
LIBERTY AV,INDR44000-00-00,02/18/2020,20:00:00,0001507072
LIBERTY AV,INDR44000-00-00,02/19/2020,00:00:00,0001507103
LIBERTY AV,INDR44000-00-00,02/19/2020,08:00:00,0001507120
LIBERTY AV,INDR44000-00-00,02/19/2020,12:00:00,0001507264
LIBERTY AV,INDR44000-00-00,02/19/2020,16:00:00,0001507385
LIBERTY AV,INDR44000-00-00,02/19/2020,20:00:00,0001507518
LIBERTY AV,INDR44000-00-00,02/20/2020,00:00:00,0001507542
LIBERTY AV,INDR44000-00-00,02/20/2020,04:00:00,0001507551
LIBERTY AV,INDR44000-00-00,02/20/2020,08:00:00,0001507662
LIBERTY AV,INDR44000-00-00,02/20/2020,12:00:00,0001507804
LIBERTY AV,INDR44000-00-00,02/20/2020,16:00:00,0001507938
LIBERTY AV,INDR44000-00-00,02/20/2020,20:00:00,0001508091
LIBERTY AV,INDR44000-00-00,02/21/2020,00:00:00,0001508127
LIBERTY AV,INDR44000-00-00,02/21/2020,04:00:00,0001508140
LIBERTY AV,INDR44000-00-00,02/21/2020,08:00:00,0001508234
LIBERTY AV,INDR44000-00-00,02/21/2020,12:00:00,0001508368
LIBERTY AV,INDR44000-00-00,02/21/2020,16:00:00,0001508500
LIBERTY AV,INDR44000-00-00,02/21/2020,20:00:00,0001508615
LIBERTY AV,INDR44000-00-01,02/15/2020,00:00:00,0005529777
LIBERTY AV,INDR44000-00-01,02/15/2020,04:00:00,0005529786
LIBERTY AV,INDR44000-00-01,02/15/2020,08:00:00,0005529824
LIBERTY AV,INDR44000-00-01,02/15/2020,12:00:00,0005529884
LIBERTY AV,INDR44000-00-01,02/15/2020,16:00:00,0005529985
LIBERTY AV,INDR44000-00-01,02/15/2020,20:00:00,0005530068
LIBERTY AV,INDR44000-00-01,02/16/2020,00:00:00,0005530086
LIBERTY AV,INDR44000-00-01,02/16/2020,04:00:00,0005530094
LIBERTY AV,INDR44000-00-01,02/16/2020,08:00:00,0005530117
LIBERTY AV,INDR44000-00-01,02/16/2020,12:00:00,0005530187
LIBERTY AV,INDR44000-00-01,02/16/2020,16:00:00,0005530299
LIBERTY AV,INDR44000-00-01,02/16/2020,20:00:00,0005530346
LIBERTY AV,INDR44000-00-01,02/17/2020,00:00:00,0005530371
LIBERTY AV,INDR44000-00-01,02/17/2020,04:00:00,0005530378
LIBERTY AV,INDR44000-00-01,02/17/2020,08:00:00,0005530461
LIBERTY AV,INDR44000-00-01,02/17/2020,12:00:00,0005530534
LIBERTY AV,INDR44000-00-01,02/17/2020,16:00:00,0005530608
LIBERTY AV,INDR44000-00-01,02/17/2020,20:00:00,0005530696
LIBERTY AV,INDR44000-00-01,02/18/2020,00:00:00,0005530726
LIBERTY AV,INDR44000-00-01,02/18/2020,04:00:00,0005530730
LIBERTY AV,INDR44000-00-01,02/18/2020,08:00:00,0005530847
LIBERTY AV,INDR44000-00-01,02/18/2020,12:00:00,0005531023
LIBERTY AV,INDR44000-00-01,02/18/2020,16:00:00,0005531144
LIBERTY AV,INDR44000-00-01,02/18/2020,20:00:00,0005531260
LIBERTY AV,INDR44000-00-01,02/19/2020,00:00:00,0005531285
LIBERTY AV,INDR44000-00-01,02/19/2020,04:00:00,0005531297
LIBERTY AV,INDR44000-00-01,02/19/2020,08:00:00,0005531504
LIBERTY AV,INDR44000-00-01,02/19/2020,12:00:00,0005531673
LIBERTY AV,INDR44000-00-01,02/19/2020,16:00:00,0005531789
LIBERTY AV,INDR44000-00-01,02/19/2020,20:00:00,0005531917
LIBERTY AV,INDR44000-00-01,02/20/2020,00:00:00,0005531952
LIBERTY AV,INDR44000-00-01,02/20/2020,04:00:00,0005531959
LIBERTY AV,INDR44000-00-01,02/20/2020,08:00:00,0005532090
LIBERTY AV,INDR44000-00-01,02/20/2020,12:00:00,0005532256
LIBERTY AV,INDR44000-00-01,02/20/2020,16:00:00,0005532383
LIBERTY AV,INDR44000-00-01,02/20/2020,20:00:00,0005532499
LIBERTY AV,INDR44000-00-01,02/21/2020,00:00:00,0005532537
LIBERTY AV,INDR44000-00-01,02/21/2020,04:00:00,0005532545
LIBERTY AV,INDR44000-00-01,02/21/2020,08:00:00,0005532682
LIBERTY AV,INDR44000-00-01,02/21/2020,12:00:00,0005532826
LIBERTY AV,INDR44000-00-01,02/21/2020,16:00:00,0005532948
LIBERTY AV,INDR44000-00-01,02/21/2020,20:00:00,0005533084
LIBERTY AV,INDR44000-00-02,02/15/2020,00:00:00,0007148887
LIBERTY AV,INDR44000-00-02,02/15/2020,04:00:00,0007148915
LIBERTY AV,INDR44000-00-02,02/15/2020,08:00:00,0007149012
LIBERTY AV,INDR44000-00-02,02/15/2020,12:00:00,0007149197
LIBERTY AV,INDR44000-00-02,02/15/2020,16:00:00,0007149378
LIBERTY AV,INDR44000-00-02,02/15/2020,20:00:00,0007149520
LIBERTY AV,INDR44000-00-02,02/16/2020,00:00:00,0007149573
LIBERTY AV,INDR44000-00-02,02/16/2020,04:00:00,0007149596
LIBERTY AV,INDR44000-00-02,02/16/2020,08:00:00,0007149680
LIBERTY AV,INDR44000-00-02,02/16/2020,12:00:00,0007149820
LIBERTY AV,INDR44000-00-02,02/16/2020,16:00:00,0007149982
LIBERTY AV,INDR44000-00-02,02/16/2020,20:00:00,0007150099
LIBERTY AV,INDR44000-00-02,02/17/2020,00:00:00,0007150150
LIBERTY AV,INDR44000-00-02,02/17/2020,04:00:00,0007150168
LIBERTY AV,INDR44000-00-02,02/17/2020,08:00:00,0007150321
LIBERTY AV,INDR44000-00-02,02/17/2020,12:00:00,0007150519
LIBERTY AV,INDR44000-00-02,02/17/2020,16:00:00,0007150722
LIBERTY AV,INDR44000-00-02,02/17/2020,20:00:00,0007150914
LIBERTY AV,INDR44000-00-02,02/18/2020,00:00:00,0007150985
LIBERTY AV,INDR44000-00-02,02/18/2020,04:00:00,0007151011
LIBERTY AV,INDR44000-00-02,02/18/2020,08:00:00,0007151303
LIBERTY AV,INDR44000-00-02,02/18/2020,12:00:00,0007151678
LIBERTY AV,INDR44000-00-02,02/18/2020,16:00:00,0007151952
LIBERTY AV,INDR44000-00-02,02/18/2020,20:00:00,0007152194
LIBERTY AV,INDR44000-00-02,02/19/2020,00:00:00,0007152271
LIBERTY AV,INDR44000-00-02,02/19/2020,04:00:00,0007152295
LIBERTY AV,INDR44000-00-02,02/19/2020,08:00:00,0007152641
LIBERTY AV,INDR44000-00-02,02/19/2020,12:00:00,0007153044
LIBERTY AV,INDR44000-00-02,02/19/2020,16:00:00,0007153317
LIBERTY AV,INDR44000-00-02,02/19/2020,20:00:00,0007153608
LIBERTY AV,INDR44000-00-02,02/20/2020,00:00:00,0007153687
LIBERTY AV,INDR44000-00-02,02/20/2020,04:00:00,0007153713
LIBERTY AV,INDR44000-00-02,02/20/2020,08:00:00,0007154028
LIBERTY AV,INDR44000-00-02,02/20/2020,12:00:00,0007154417
LIBERTY AV,INDR44000-00-02,02/20/2020,16:00:00,0007154713
LIBERTY AV,INDR44000-00-02,02/20/2020,20:00:00,0007154949
LIBERTY AV,INDR44000-00-02,02/21/2020,00:00:00,0007155025
LIBERTY AV,INDR44000-00-02,02/21/2020,04:00:00,0007155054
LIBERTY AV,INDR44000-00-02,02/21/2020,08:00:00,0007155325
LIBERTY AV,INDR44000-00-02,02/21/2020,12:00:00,0007155655
LIBERTY AV,INDR44000-00-02,02/21/2020,16:00:00,0007155929
LIBERTY AV,INDR44000-00-02,02/21/2020,20:00:00,0007156178
LIBERTY AV,INDR44000-00-00,02/22/2020,00:00:00,0001508638
LIBERTY AV,INDR44000-00-00,02/22/2020,04:00:00,0001508653
LIBERTY AV,INDR44000-00-00,02/22/2020,08:00:00,0001508684
LIBERTY AV,INDR44000-00-00,02/22/2020,12:00:00,0001508749
LIBERTY AV,INDR44000-00-00,02/22/2020,16:00:00,0001508847
LIBERTY AV,INDR44000-00-00,02/22/2020,20:00:00,0001508920
LIBERTY AV,INDR44000-00-00,02/23/2020,00:00:00,0001508946
LIBERTY AV,INDR44000-00-00,02/23/2020,04:00:00,0001508954
LIBERTY AV,INDR44000-00-00,02/23/2020,08:00:00,0001508978
LIBERTY AV,INDR44000-00-00,02/23/2020,12:00:00,0001509048
LIBERTY AV,INDR44000-00-00,02/23/2020,16:00:00,0001509139
LIBERTY AV,INDR44000-00-00,02/23/2020,20:00:00,0001509177
LIBERTY AV,INDR44000-00-00,02/24/2020,00:00:00,0001509210
LIBERTY AV,INDR44000-00-00,02/24/2020,04:00:00,0001509227
LIBERTY AV,INDR44000-00-00,02/24/2020,08:00:00,0001509396
LIBERTY AV,INDR44000-00-00,02/24/2020,12:00:00,0001509569
LIBERTY AV,INDR44000-00-00,02/24/2020,16:00:00,0001509712
LIBERTY AV,INDR44000-00-00,02/24/2020,20:00:00,0001509880
LIBERTY AV,INDR44000-00-00,02/25/2020,00:00:00,0001509908
LIBERTY AV,INDR44000-00-00,02/25/2020,04:00:00,0001509922
LIBERTY AV,INDR44000-00-00,02/25/2020,08:00:00,0001510091
LIBERTY AV,INDR44000-00-00,02/25/2020,12:00:00,0001510260
LIBERTY AV,INDR44000-00-00,02/25/2020,16:00:00,0001510445
LIBERTY AV,INDR44000-00-00,02/25/2020,20:00:00,0001510620
LIBERTY AV,INDR44000-00-00,02/26/2020,00:00:00,0001510644
LIBERTY AV,INDR44000-00-00,02/26/2020,04:00:00,0001510654
LIBERTY AV,INDR44000-00-00,02/26/2020,08:00:00,0001510820
LIBERTY AV,INDR44000-00-00,02/26/2020,12:00:00,0001510988
LIBERTY AV,INDR44000-00-00,02/26/2020,16:00:00,0001511137
LIBERTY AV,INDR44000-00-00,02/26/2020,20:00:00,0001511323
LIBERTY AV,INDR44000-00-00,02/27/2020,00:00:00,0001511350
LIBERTY AV,INDR44000-00-00,02/27/2020,04:00:00,0001511359
LIBERTY AV,INDR44000-00-00,02/27/2020,08:00:00,0001511539
LIBERTY AV,INDR44000-00-00,02/27/2020,12:00:00,0001511710
LIBERTY AV,INDR44000-00-00,02/27/2020,16:00:00,0001511878
LIBERTY AV,INDR44000-00-00,02/27/2020,20:00:00,0001512061
LIBERTY AV,INDR44000-00-00,02/28/2020,00:00:00,0001512087
LIBERTY AV,INDR44000-00-00,02/28/2020,04:00:00,0001512097
LIBERTY AV,INDR44000-00-00,02/28/2020,08:00:00,0001512262
LIBERTY AV,INDR44000-00-00,02/28/2020,12:00:00,0001512445
LIBERTY AV,INDR44000-00-00,02/28/2020,16:00:00,0001512625
LIBERTY AV,INDR44000-00-00,02/28/2020,20:00:00,0001512775
LIBERTY AV,INDR44000-00-01,02/22/2020,00:00:00,0005533112
LIBERTY AV,INDR44000-00-01,02/22/2020,04:00:00,0005533119
LIBERTY AV,INDR44000-00-01,02/22/2020,08:00:00,0005533160
LIBERTY AV,INDR44000-00-01,02/22/2020,12:00:00,0005533238
LIBERTY AV,INDR44000-00-01,02/22/2020,16:00:00,0005533319
LIBERTY AV,INDR44000-00-01,02/22/2020,20:00:00,0005533389
LIBERTY AV,INDR44000-00-01,02/23/2020,00:00:00,0005533416
LIBERTY AV,INDR44000-00-01,02/23/2020,04:00:00,0005533426
LIBERTY AV,INDR44000-00-01,02/23/2020,08:00:00,0005533455
LIBERTY AV,INDR44000-00-01,02/23/2020,12:00:00,0005533511
LIBERTY AV,INDR44000-00-01,02/23/2020,16:00:00,0005533601
LIBERTY AV,INDR44000-00-01,02/23/2020,20:00:00,0005533651
LIBERTY AV,INDR44000-00-01,02/24/2020,00:00:00,0005533666
LIBERTY AV,INDR44000-00-01,02/24/2020,04:00:00,0005533677
LIBERTY AV,INDR44000-00-01,02/24/2020,08:00:00,0005533860
LIBERTY AV,INDR44000-00-01,02/24/2020,12:00:00,0005534035
LIBERTY AV,INDR44000-00-01,02/24/2020,16:00:00,0005534209
LIBERTY AV,INDR44000-00-01,02/24/2020,20:00:00,0005534373
LIBERTY AV,INDR44000-00-01,02/25/2020,00:00:00,0005534389
LIBERTY AV,INDR44000-00-01,02/25/2020,04:00:00,0005534396
LIBERTY AV,INDR44000-00-01,02/25/2020,08:00:00,0005534571
LIBERTY AV,INDR44000-00-01,02/25/2020,12:00:00,0005534733
LIBERTY AV,INDR44000-00-01,02/25/2020,16:00:00,0005534896
LIBERTY AV,INDR44000-00-01,02/25/2020,20:00:00,0005535047
LIBERTY AV,INDR44000-00-01,02/26/2020,00:00:00,0005535083
LIBERTY AV,INDR44000-00-01,02/26/2020,04:00:00,0005535088
LIBERTY AV,INDR44000-00-01,02/26/2020,08:00:00,0005535261
LIBERTY AV,INDR44000-00-01,02/26/2020,12:00:00,0005535455
LIBERTY AV,INDR44000-00-01,02/26/2020,16:00:00,0005535596
LIBERTY AV,INDR44000-00-01,02/26/2020,20:00:00,0005535757
LIBERTY AV,INDR44000-00-01,02/27/2020,00:00:00,0005535792
LIBERTY AV,INDR44000-00-01,02/27/2020,04:00:00,0005535798
LIBERTY AV,INDR44000-00-01,02/27/2020,08:00:00,0005535976
LIBERTY AV,INDR44000-00-01,02/27/2020,12:00:00,0005536158
LIBERTY AV,INDR44000-00-01,02/27/2020,16:00:00,0005536303
LIBERTY AV,INDR44000-00-01,02/27/2020,20:00:00,0005536455
LIBERTY AV,INDR44000-00-01,02/28/2020,00:00:00,0005536489
LIBERTY AV,INDR44000-00-01,02/28/2020,04:00:00,0005536495
LIBERTY AV,INDR44000-00-01,02/28/2020,08:00:00,0005536664
LIBERTY AV,INDR44000-00-01,02/28/2020,12:00:00,0005536841
LIBERTY AV,INDR44000-00-01,02/28/2020,16:00:00,0005537010
LIBERTY AV,INDR44000-00-01,02/28/2020,20:00:00,0005537158
LIBERTY AV,INDR44000-00-02,02/22/2020,00:00:00,0007156232
LIBERTY AV,INDR44000-00-02,02/22/2020,04:00:00,0007156263
LIBERTY AV,INDR44000-00-02,02/22/2020,08:00:00,0007156350
LIBERTY AV,INDR44000-00-02,02/22/2020,12:00:00,0007156532
LIBERTY AV,INDR44000-00-02,02/22/2020,16:00:00,0007156734
LIBERTY AV,INDR44000-00-02,02/22/2020,20:00:00,0007156891
LIBERTY AV,INDR44000-00-02,02/23/2020,00:00:00,0007156953
LIBERTY AV,INDR44000-00-02,02/23/2020,04:00:00,0007156979
LIBERTY AV,INDR44000-00-02,02/23/2020,08:00:00,0007157062
LIBERTY AV,INDR44000-00-02,02/23/2020,12:00:00,0007157202
LIBERTY AV,INDR44000-00-02,02/23/2020,16:00:00,0007157396
LIBERTY AV,INDR44000-00-02,02/23/2020,20:00:00,0007157503
LIBERTY AV,INDR44000-00-02,02/24/2020,00:00:00,0007157545
LIBERTY AV,INDR44000-00-02,02/24/2020,04:00:00,0007157552
LIBERTY AV,INDR44000-00-02,02/24/2020,08:00:00,0007157915
LIBERTY AV,INDR44000-00-02,02/24/2020,12:00:00,0007158326
LIBERTY AV,INDR44000-00-02,02/24/2020,16:00:00,0007158671
LIBERTY AV,INDR44000-00-02,02/24/2020,20:00:00,0007159011
LIBERTY AV,INDR44000-00-02,02/25/2020,00:00:00,0007159100
LIBERTY AV,INDR44000-00-02,02/25/2020,04:00:00,0007159120
LIBERTY AV,INDR44000-00-02,02/25/2020,08:00:00,0007159496
LIBERTY AV,INDR44000-00-02,02/25/2020,12:00:00,0007159900
LIBERTY AV,INDR44000-00-02,02/25/2020,16:00:00,0007160226
LIBERTY AV,INDR44000-00-02,02/25/2020,20:00:00,0007160569
LIBERTY AV,INDR44000-00-02,02/26/2020,00:00:00,0007160647
LIBERTY AV,INDR44000-00-02,02/26/2020,04:00:00,0007160675
LIBERTY AV,INDR44000-00-02,02/26/2020,08:00:00,0007161048
LIBERTY AV,INDR44000-00-02,02/26/2020,12:00:00,0007161501
LIBERTY AV,INDR44000-00-02,02/26/2020,16:00:00,0007161869
LIBERTY AV,INDR44000-00-02,02/26/2020,20:00:00,0007162221
LIBERTY AV,INDR44000-00-02,02/27/2020,00:00:00,0007162307
LIBERTY AV,INDR44000-00-02,02/27/2020,04:00:00,0007162341
LIBERTY AV,INDR44000-00-02,02/27/2020,08:00:00,0007162700
LIBERTY AV,INDR44000-00-02,02/27/2020,12:00:00,0007163090
LIBERTY AV,INDR44000-00-02,02/27/2020,16:00:00,0007163444
LIBERTY AV,INDR44000-00-02,02/27/2020,20:00:00,0007163783
LIBERTY AV,INDR44000-00-02,02/28/2020,00:00:00,0007163873
LIBERTY AV,INDR44000-00-02,02/28/2020,04:00:00,0007163895
LIBERTY AV,INDR44000-00-02,02/28/2020,08:00:00,0007164236
LIBERTY AV,INDR44000-00-02,02/28/2020,12:00:00,0007164657
LIBERTY AV,INDR44000-00-02,02/28/2020,16:00:00,0007165016
LIBERTY AV,INDR44000-00-02,02/28/2020,20:00:00,0007165311
LIBERTY AV,INDR44000-00-00,02/29/2020,00:00:00,0001512809
LIBERTY AV,INDR44000-00-00,02/29/2020,04:00:00,0001512823
LIBERTY AV,INDR44000-00-00,02/29/2020,08:00:00,0001512848
LIBERTY AV,INDR44000-00-00,02/29/2020,12:00:00,0001512921
LIBERTY AV,INDR44000-00-00,02/29/2020,16:00:00,0001513014
LIBERTY AV,INDR44000-00-00,02/29/2020,20:00:00,0001513079
LIBERTY AV,INDR44000-00-00,03/01/2020,00:00:00,0001513103
LIBERTY AV,INDR44000-00-00,03/01/2020,04:00:00,0001513117
LIBERTY AV,INDR44000-00-00,03/01/2020,08:00:00,0001513150
LIBERTY AV,INDR44000-00-00,03/01/2020,12:00:00,0001513220
LIBERTY AV,INDR44000-00-00,03/01/2020,16:00:00,0001513295
LIBERTY AV,INDR44000-00-00,03/01/2020,20:00:00,0001513342
LIBERTY AV,INDR44000-00-00,03/02/2020,00:00:00,0001513373
LIBERTY AV,INDR44000-00-00,03/02/2020,04:00:00,0001513376
LIBERTY AV,INDR44000-00-00,03/02/2020,08:00:00,0001513528
LIBERTY AV,INDR44000-00-00,03/02/2020,12:00:00,0001513710
LIBERTY AV,INDR44000-00-00,03/02/2020,16:00:00,0001513858
LIBERTY AV,INDR44000-00-00,03/02/2020,20:00:00,0001514048
LIBERTY AV,INDR44000-00-00,03/03/2020,00:00:00,0001514076
LIBERTY AV,INDR44000-00-00,03/03/2020,04:00:00,0001514083
LIBERTY AV,INDR44000-00-00,03/03/2020,08:00:00,0001514264
LIBERTY AV,INDR44000-00-00,03/03/2020,12:00:00,0001514456
LIBERTY AV,INDR44000-00-00,03/03/2020,16:00:00,0001514600
LIBERTY AV,INDR44000-00-00,03/03/2020,20:00:00,0001514769
LIBERTY AV,INDR44000-00-00,03/04/2020,00:00:00,0001514787
LIBERTY AV,INDR44000-00-00,03/04/2020,04:00:00,0001514799
LIBERTY AV,INDR44000-00-00,03/04/2020,08:00:00,0001514981
LIBERTY AV,INDR44000-00-00,03/04/2020,12:00:00,0001515183
LIBERTY AV,INDR44000-00-00,03/04/2020,16:00:00,0001515340
LIBERTY AV,INDR44000-00-00,03/04/2020,20:00:00,0001515516
LIBERTY AV,INDR44000-00-00,03/05/2020,00:00:00,0001515545
LIBERTY AV,INDR44000-00-00,03/05/2020,04:00:00,0001515553
LIBERTY AV,INDR44000-00-00,03/05/2020,08:00:00,0001515735
LIBERTY AV,INDR44000-00-00,03/05/2020,12:00:00,0001515916
LIBERTY AV,INDR44000-00-00,03/05/2020,16:00:00,0001516089
LIBERTY AV,INDR44000-00-00,03/05/2020,20:00:00,0001516258
LIBERTY AV,INDR44000-00-00,03/06/2020,00:00:00,0001516288
LIBERTY AV,INDR44000-00-00,03/06/2020,04:00:00,0001516296
LIBERTY AV,INDR44000-00-00,03/06/2020,08:00:00,0001516443
LIBERTY AV,INDR44000-00-00,03/06/2020,12:00:00,0001516609
LIBERTY AV,INDR44000-00-00,03/06/2020,16:00:00,0001516780
LIBERTY AV,INDR44000-00-00,03/06/2020,20:00:00,0001516920
LIBERTY AV,INDR44000-00-01,02/29/2020,00:00:00,0005537191
LIBERTY AV,INDR44000-00-01,02/29/2020,04:00:00,0005537205
LIBERTY AV,INDR44000-00-01,02/29/2020,08:00:00,0005537238
LIBERTY AV,INDR44000-00-01,02/29/2020,12:00:00,0005537339
LIBERTY AV,INDR44000-00-01,02/29/2020,16:00:00,0005537451
LIBERTY AV,INDR44000-00-01,02/29/2020,20:00:00,0005537525
LIBERTY AV,INDR44000-00-01,03/01/2020,00:00:00,0005537554
LIBERTY AV,INDR44000-00-01,03/01/2020,04:00:00,0005537561
LIBERTY AV,INDR44000-00-01,03/01/2020,08:00:00,0005537585
LIBERTY AV,INDR44000-00-01,03/01/2020,12:00:00,0005537646
LIBERTY AV,INDR44000-00-01,03/01/2020,16:00:00,0005537748
LIBERTY AV,INDR44000-00-01,03/01/2020,20:00:00,0005537800
LIBERTY AV,INDR44000-00-01,03/02/2020,00:00:00,0005537815
LIBERTY AV,INDR44000-00-01,03/02/2020,04:00:00,0005537818
LIBERTY AV,INDR44000-00-01,03/02/2020,08:00:00,0005537988
LIBERTY AV,INDR44000-00-01,03/02/2020,12:00:00,0005538173
LIBERTY AV,INDR44000-00-01,03/02/2020,16:00:00,0005538336
LIBERTY AV,INDR44000-00-01,03/02/2020,20:00:00,0005538515
LIBERTY AV,INDR44000-00-01,03/03/2020,00:00:00,0005538542
LIBERTY AV,INDR44000-00-01,03/03/2020,04:00:00,0005538547
LIBERTY AV,INDR44000-00-01,03/03/2020,08:00:00,0005538739
LIBERTY AV,INDR44000-00-01,03/03/2020,12:00:00,0005538951
LIBERTY AV,INDR44000-00-01,03/03/2020,16:00:00,0005539146
LIBERTY AV,INDR44000-00-01,03/03/2020,20:00:00,0005539299
LIBERTY AV,INDR44000-00-01,03/04/2020,00:00:00,0005539323
LIBERTY AV,INDR44000-00-01,03/04/2020,04:00:00,0005539335
LIBERTY AV,INDR44000-00-01,03/04/2020,08:00:00,0005539521
LIBERTY AV,INDR44000-00-01,03/04/2020,12:00:00,0005539696
LIBERTY AV,INDR44000-00-01,03/04/2020,16:00:00,0005539857
LIBERTY AV,INDR44000-00-01,03/04/2020,20:00:00,0005540015
LIBERTY AV,INDR44000-00-01,03/05/2020,00:00:00,0005540046
LIBERTY AV,INDR44000-00-01,03/05/2020,04:00:00,0005540052
LIBERTY AV,INDR44000-00-01,03/05/2020,08:00:00,0005540247
LIBERTY AV,INDR44000-00-01,03/05/2020,12:00:00,0005540415
LIBERTY AV,INDR44000-00-01,03/05/2020,16:00:00,0005540581
LIBERTY AV,INDR44000-00-01,03/05/2020,20:00:00,0005540783
LIBERTY AV,INDR44000-00-01,03/06/2020,00:00:00,0005540822
LIBERTY AV,INDR44000-00-01,03/06/2020,04:00:00,0005540832
LIBERTY AV,INDR44000-00-01,03/06/2020,08:00:00,0005541018
LIBERTY AV,INDR44000-00-01,03/06/2020,12:00:00,0005541191
LIBERTY AV,INDR44000-00-01,03/06/2020,16:00:00,0005541376
LIBERTY AV,INDR44000-00-01,03/06/2020,20:00:00,0005541512
LIBERTY AV,INDR44000-00-02,02/29/2020,00:00:00,0007165400
LIBERTY AV,INDR44000-00-02,02/29/2020,04:00:00,0007165423
LIBERTY AV,INDR44000-00-02,02/29/2020,08:00:00,0007165515
LIBERTY AV,INDR44000-00-02,02/29/2020,12:00:00,0007165717
LIBERTY AV,INDR44000-00-02,02/29/2020,16:00:00,0007165941
LIBERTY AV,INDR44000-00-02,02/29/2020,20:00:00,0007166099
LIBERTY AV,INDR44000-00-02,03/01/2020,00:00:00,0007166172
LIBERTY AV,INDR44000-00-02,03/01/2020,04:00:00,0007166194
LIBERTY AV,INDR44000-00-02,03/01/2020,08:00:00,0007166275
LIBERTY AV,INDR44000-00-02,03/01/2020,12:00:00,0007166414
LIBERTY AV,INDR44000-00-02,03/01/2020,16:00:00,0007166601
LIBERTY AV,INDR44000-00-02,03/01/2020,20:00:00,0007166730
LIBERTY AV,INDR44000-00-02,03/02/2020,00:00:00,0007166780
LIBERTY AV,INDR44000-00-02,03/02/2020,04:00:00,0007166797
LIBERTY AV,INDR44000-00-02,03/02/2020,08:00:00,0007167170
LIBERTY AV,INDR44000-00-02,03/02/2020,12:00:00,0007167572
LIBERTY AV,INDR44000-00-02,03/02/2020,16:00:00,0007167920
LIBERTY AV,INDR44000-00-02,03/02/2020,20:00:00,0007168258
LIBERTY AV,INDR44000-00-02,03/03/2020,00:00:00,0007168336
LIBERTY AV,INDR44000-00-02,03/03/2020,04:00:00,0007168356
LIBERTY AV,INDR44000-00-02,03/03/2020,08:00:00,0007168692
LIBERTY AV,INDR44000-00-02,03/03/2020,12:00:00,0007169079
LIBERTY AV,INDR44000-00-02,03/03/2020,16:00:00,0007169448
LIBERTY AV,INDR44000-00-02,03/03/2020,20:00:00,0007169765
LIBERTY AV,INDR44000-00-02,03/04/2020,00:00:00,0007169839
LIBERTY AV,INDR44000-00-02,03/04/2020,04:00:00,0007169866
LIBERTY AV,INDR44000-00-02,03/04/2020,08:00:00,0007170258
LIBERTY AV,INDR44000-00-02,03/04/2020,12:00:00,0007170691
LIBERTY AV,INDR44000-00-02,03/04/2020,16:00:00,0007171034
LIBERTY AV,INDR44000-00-02,03/04/2020,20:00:00,0007171362
LIBERTY AV,INDR44000-00-02,03/05/2020,00:00:00,0007171439
LIBERTY AV,INDR44000-00-02,03/05/2020,04:00:00,0007171470
LIBERTY AV,INDR44000-00-02,03/05/2020,08:00:00,0007171829
LIBERTY AV,INDR44000-00-02,03/05/2020,12:00:00,0007172229
LIBERTY AV,INDR44000-00-02,03/05/2020,16:00:00,0007172574
LIBERTY AV,INDR44000-00-02,03/05/2020,20:00:00,0007172924
LIBERTY AV,INDR44000-00-02,03/06/2020,00:00:00,0007173022
LIBERTY AV,INDR44000-00-02,03/06/2020,04:00:00,0007173044
LIBERTY AV,INDR44000-00-02,03/06/2020,08:00:00,0007173408
LIBERTY AV,INDR44000-00-02,03/06/2020,12:00:00,0007173779
LIBERTY AV,INDR44000-00-02,03/06/2020,16:00:00,0007174185
LIBERTY AV,INDR44000-00-02,03/06/2020,20:00:00,0007174483
LIBERTY AV,INDR44000-00-00,03/07/2020,04:00:00,0001516952
LIBERTY AV,INDR44000-00-00,03/07/2020,08:00:00,0001516981
LIBERTY AV,INDR44000-00-00,03/07/2020,12:00:00,0000000045
LIBERTY AV,INDR44000-00-00,03/07/2020,16:00:00,0000000094
LIBERTY AV,INDR44000-00-00,03/07/2020,20:00:00,0000000141
LIBERTY AV,INDR44000-00-00,03/08/2020,00:00:00,0000000155
LIBERTY AV,INDR44000-00-00,03/08/2020,09:00:00,0000000181
LIBERTY AV,INDR44000-00-00,03/08/2020,13:00:00,0000000233
LIBERTY AV,INDR44000-00-00,03/08/2020,17:00:00,0000000284
LIBERTY AV,INDR44000-00-00,03/08/2020,21:00:00,0000000308
LIBERTY AV,INDR44000-00-00,03/09/2020,01:00:00,0000000317
LIBERTY AV,INDR44000-00-00,03/09/2020,05:00:00,0000000324
LIBERTY AV,INDR44000-00-00,03/09/2020,09:00:00,0000000542
LIBERTY AV,INDR44000-00-00,03/09/2020,13:00:00,0000000660
LIBERTY AV,INDR44000-00-00,03/09/2020,17:00:00,0000000851
LIBERTY AV,INDR44000-00-00,03/09/2020,21:00:00,0000000968
LIBERTY AV,INDR44000-00-00,03/10/2020,01:00:00,0000000984
LIBERTY AV,INDR44000-00-00,03/10/2020,05:00:00,0000001002
LIBERTY AV,INDR44000-00-00,03/10/2020,09:00:00,0000001252
LIBERTY AV,INDR44000-00-00,03/10/2020,13:00:00,0000001362
LIBERTY AV,INDR44000-00-00,03/10/2020,17:00:00,0000001565
LIBERTY AV,INDR44000-00-00,03/10/2020,21:00:00,0000001678
LIBERTY AV,INDR44000-00-00,03/11/2020,01:00:00,0000001699
LIBERTY AV,INDR44000-00-00,03/11/2020,05:00:00,0000001714
LIBERTY AV,INDR44000-00-00,03/11/2020,09:00:00,0000001951
LIBERTY AV,INDR44000-00-00,03/11/2020,13:00:00,0000002060
LIBERTY AV,INDR44000-00-00,03/11/2020,17:00:00,0000002236
LIBERTY AV,INDR44000-00-00,03/11/2020,21:00:00,0000002370
LIBERTY AV,INDR44000-00-00,03/12/2020,01:00:00,0000002387
LIBERTY AV,INDR44000-00-00,03/12/2020,05:00:00,0000002402
LIBERTY AV,INDR44000-00-00,03/12/2020,09:00:00,0000002616
LIBERTY AV,INDR44000-00-00,03/12/2020,13:00:00,0000002716
LIBERTY AV,INDR44000-00-00,03/12/2020,17:00:00,0000002907
LIBERTY AV,INDR44000-00-00,03/12/2020,21:00:00,0000003038
LIBERTY AV,INDR44000-00-00,03/13/2020,01:00:00,0000003058
LIBERTY AV,INDR44000-00-00,03/13/2020,05:00:00,0000003070
LIBERTY AV,INDR44000-00-00,03/13/2020,09:00:00,0000003238
LIBERTY AV,INDR44000-00-00,03/13/2020,13:00:00,0000003361
LIBERTY AV,INDR44000-00-00,03/13/2020,17:00:00,0000003534
LIBERTY AV,INDR44000-00-00,03/13/2020,21:00:00,0000003605
LIBERTY AV,INDR44000-00-01,03/07/2020,00:00:00,0005541531
LIBERTY AV,INDR44000-00-01,03/07/2020,04:00:00,0005541541
LIBERTY AV,INDR44000-00-01,03/07/2020,08:00:00,0005541573
LIBERTY AV,INDR44000-00-01,03/07/2020,12:00:00,0005541627
LIBERTY AV,INDR44000-00-01,03/07/2020,16:00:00,0005541685
LIBERTY AV,INDR44000-00-01,03/07/2020,20:00:00,0005541738
LIBERTY AV,INDR44000-00-01,03/08/2020,00:00:00,0005541749
LIBERTY AV,INDR44000-00-01,03/08/2020,09:00:00,0005541774
LIBERTY AV,INDR44000-00-01,03/08/2020,13:00:00,0005541814
LIBERTY AV,INDR44000-00-01,03/08/2020,17:00:00,0005541860
LIBERTY AV,INDR44000-00-01,03/08/2020,21:00:00,0005541880
LIBERTY AV,INDR44000-00-01,03/09/2020,01:00:00,0005541889
LIBERTY AV,INDR44000-00-01,03/09/2020,05:00:00,0005541899
LIBERTY AV,INDR44000-00-01,03/09/2020,09:00:00,0005542159
LIBERTY AV,INDR44000-00-01,03/09/2020,13:00:00,0005542271
LIBERTY AV,INDR44000-00-01,03/09/2020,17:00:00,0005542445
LIBERTY AV,INDR44000-00-01,03/09/2020,21:00:00,0005542545
LIBERTY AV,INDR44000-00-01,03/10/2020,01:00:00,0005542565
LIBERTY AV,INDR44000-00-01,03/10/2020,05:00:00,0005542571
LIBERTY AV,INDR44000-00-01,03/10/2020,09:00:00,0005542791
LIBERTY AV,INDR44000-00-01,03/10/2020,13:00:00,0005542901
LIBERTY AV,INDR44000-00-01,03/10/2020,17:00:00,0005543072
LIBERTY AV,INDR44000-00-01,03/10/2020,21:00:00,0005543151
LIBERTY AV,INDR44000-00-01,03/11/2020,01:00:00,0005543172
LIBERTY AV,INDR44000-00-01,03/11/2020,05:00:00,0005543182
LIBERTY AV,INDR44000-00-01,03/11/2020,09:00:00,0005543419
LIBERTY AV,INDR44000-00-01,03/11/2020,13:00:00,0005543559
LIBERTY AV,INDR44000-00-01,03/11/2020,17:00:00,0005543714
LIBERTY AV,INDR44000-00-01,03/11/2020,21:00:00,0005543829
LIBERTY AV,INDR44000-00-01,03/12/2020,01:00:00,0005543849
LIBERTY AV,INDR44000-00-01,03/12/2020,05:00:00,0005543861
LIBERTY AV,INDR44000-00-01,03/12/2020,09:00:00,0005544065
LIBERTY AV,INDR44000-00-01,03/12/2020,13:00:00,0005544167
LIBERTY AV,INDR44000-00-01,03/12/2020,17:00:00,0005544343
LIBERTY AV,INDR44000-00-01,03/12/2020,21:00:00,0005544430
LIBERTY AV,INDR44000-00-01,03/13/2020,01:00:00,0005544453
LIBERTY AV,INDR44000-00-01,03/13/2020,05:00:00,0005544460
LIBERTY AV,INDR44000-00-01,03/13/2020,09:00:00,0005544650
LIBERTY AV,INDR44000-00-01,03/13/2020,13:00:00,0005544726
LIBERTY AV,INDR44000-00-01,03/13/2020,17:00:00,0005544883
LIBERTY AV,INDR44000-00-01,03/13/2020,21:00:00,0005544951
LIBERTY AV,INDR44000-00-02,03/07/2020,00:00:00,0007174556
LIBERTY AV,INDR44000-00-02,03/07/2020,04:00:00,0007174574
LIBERTY AV,INDR44000-00-02,03/07/2020,08:00:00,0007174673
LIBERTY AV,INDR44000-00-02,03/07/2020,12:00:00,0007174884
LIBERTY AV,INDR44000-00-02,03/07/2020,16:00:00,0007175045
LIBERTY AV,INDR44000-00-02,03/07/2020,20:00:00,0007175155
LIBERTY AV,INDR44000-00-02,03/08/2020,00:00:00,0007175207
LIBERTY AV,INDR44000-00-02,03/08/2020,09:00:00,0007175268
LIBERTY AV,INDR44000-00-02,03/08/2020,13:00:00,0007175370
LIBERTY AV,INDR44000-00-02,03/08/2020,17:00:00,0007175488
LIBERTY AV,INDR44000-00-02,03/08/2020,21:00:00,0007175556
LIBERTY AV,INDR44000-00-02,03/09/2020,01:00:00,0007175580
LIBERTY AV,INDR44000-00-02,03/09/2020,05:00:00,0007175603
LIBERTY AV,INDR44000-00-02,03/09/2020,09:00:00,0007176127
LIBERTY AV,INDR44000-00-02,03/09/2020,13:00:00,0007176426
LIBERTY AV,INDR44000-00-02,03/09/2020,17:00:00,0007176805
LIBERTY AV,INDR44000-00-02,03/09/2020,21:00:00,0007177032
LIBERTY AV,INDR44000-00-02,03/10/2020,01:00:00,0007177101
LIBERTY AV,INDR44000-00-02,03/10/2020,05:00:00,0007177128
LIBERTY AV,INDR44000-00-02,03/10/2020,09:00:00,0007177636
LIBERTY AV,INDR44000-00-02,03/10/2020,13:00:00,0007177961
LIBERTY AV,INDR44000-00-02,03/10/2020,17:00:00,0007178331
LIBERTY AV,INDR44000-00-02,03/10/2020,21:00:00,0007178557
LIBERTY AV,INDR44000-00-02,03/11/2020,01:00:00,0007178634
LIBERTY AV,INDR44000-00-02,03/11/2020,05:00:00,0007178670
LIBERTY AV,INDR44000-00-02,03/11/2020,09:00:00,0007179165
LIBERTY AV,INDR44000-00-02,03/11/2020,13:00:00,0007179465
LIBERTY AV,INDR44000-00-02,03/11/2020,17:00:00,0007179811
LIBERTY AV,INDR44000-00-02,03/11/2020,21:00:00,0007180068
LIBERTY AV,INDR44000-00-02,03/12/2020,01:00:00,0007180123
LIBERTY AV,INDR44000-00-02,03/12/2020,05:00:00,0007180157
LIBERTY AV,INDR44000-00-02,03/12/2020,09:00:00,0007180629
LIBERTY AV,INDR44000-00-02,03/12/2020,13:00:00,0007180908
LIBERTY AV,INDR44000-00-02,03/12/2020,17:00:00,0007181285
LIBERTY AV,INDR44000-00-02,03/12/2020,21:00:00,0007181513
LIBERTY AV,INDR44000-00-02,03/13/2020,01:00:00,0007181576
LIBERTY AV,INDR44000-00-02,03/13/2020,05:00:00,0007181603
LIBERTY AV,INDR44000-00-02,03/13/2020,09:00:00,0007182024
LIBERTY AV,INDR44000-00-02,03/13/2020,13:00:00,0007182257
LIBERTY AV,INDR44000-00-02,03/13/2020,17:00:00,0007182572
LIBERTY AV,INDR44000-00-02,03/13/2020,21:00:00,0007182726
LIBERTY AV,INDR44000-00-00,03/14/2020,01:00:00,0000003626
LIBERTY AV,INDR44000-00-00,03/14/2020,05:00:00,0000003631
LIBERTY AV,INDR44000-00-00,03/14/2020,09:00:00,0000003659
LIBERTY AV,INDR44000-00-00,03/14/2020,13:00:00,0000003697
LIBERTY AV,INDR44000-00-00,03/14/2020,17:00:00,0000003746
LIBERTY AV,INDR44000-00-00,03/14/2020,21:00:00,0000003779
LIBERTY AV,INDR44000-00-00,03/15/2020,01:00:00,0000003797
LIBERTY AV,INDR44000-00-00,03/15/2020,05:00:00,0000003802
LIBERTY AV,INDR44000-00-00,03/15/2020,09:00:00,0000003833
LIBERTY AV,INDR44000-00-00,03/15/2020,13:00:00,0000003867
LIBERTY AV,INDR44000-00-00,03/15/2020,17:00:00,0000003929
LIBERTY AV,INDR44000-00-00,03/15/2020,21:00:00,0000003953
LIBERTY AV,INDR44000-00-00,03/16/2020,01:00:00,0000003969
LIBERTY AV,INDR44000-00-00,03/16/2020,05:00:00,0000003978
LIBERTY AV,INDR44000-00-00,03/16/2020,09:00:00,0000004080
LIBERTY AV,INDR44000-00-00,03/16/2020,13:00:00,0000004154
LIBERTY AV,INDR44000-00-00,03/16/2020,17:00:00,0000004261
LIBERTY AV,INDR44000-00-00,03/16/2020,21:00:00,0000004332
LIBERTY AV,INDR44000-00-00,03/17/2020,01:00:00,0000004341
LIBERTY AV,INDR44000-00-00,03/17/2020,05:00:00,0000004355
LIBERTY AV,INDR44000-00-00,03/17/2020,09:00:00,0000004454
LIBERTY AV,INDR44000-00-00,03/17/2020,13:00:00,0000004499
LIBERTY AV,INDR44000-00-00,03/17/2020,17:00:00,0000004592
LIBERTY AV,INDR44000-00-00,03/17/2020,21:00:00,0000004653
LIBERTY AV,INDR44000-00-00,03/18/2020,01:00:00,0000004663
LIBERTY AV,INDR44000-00-00,03/18/2020,05:00:00,0000004677
LIBERTY AV,INDR44000-00-00,03/18/2020,09:00:00,0000004777
LIBERTY AV,INDR44000-00-00,03/18/2020,13:00:00,0000004843
LIBERTY AV,INDR44000-00-00,03/18/2020,17:00:00,0000004935
LIBERTY AV,INDR44000-00-00,03/18/2020,21:00:00,0000004982
LIBERTY AV,INDR44000-00-00,03/19/2020,01:00:00,0000005000
LIBERTY AV,INDR44000-00-00,03/19/2020,05:00:00,0000005009
LIBERTY AV,INDR44000-00-00,03/19/2020,09:00:00,0000005101
LIBERTY AV,INDR44000-00-00,03/19/2020,13:00:00,0000005163
LIBERTY AV,INDR44000-00-00,03/19/2020,17:00:00,0000005256
LIBERTY AV,INDR44000-00-00,03/19/2020,21:00:00,0000005306
LIBERTY AV,INDR44000-00-00,03/20/2020,01:00:00,0000005321
LIBERTY AV,INDR44000-00-00,03/20/2020,05:00:00,0000005335
LIBERTY AV,INDR44000-00-00,03/20/2020,09:00:00,0000005426
LIBERTY AV,INDR44000-00-00,03/20/2020,13:00:00,0000005486
LIBERTY AV,INDR44000-00-00,03/20/2020,17:00:00,0000005565
LIBERTY AV,INDR44000-00-00,03/20/2020,21:00:00,0000005603
LIBERTY AV,INDR44000-00-01,03/14/2020,01:00:00,0005544970
LIBERTY AV,INDR44000-00-01,03/14/2020,05:00:00,0005544974
LIBERTY AV,INDR44000-00-01,03/14/2020,09:00:00,0005544998
LIBERTY AV,INDR44000-00-01,03/14/2020,13:00:00,0005545040
LIBERTY AV,INDR44000-00-01,03/14/2020,17:00:00,0005545093
LIBERTY AV,INDR44000-00-01,03/14/2020,21:00:00,0005545124
LIBERTY AV,INDR44000-00-01,03/15/2020,01:00:00,0005545146
LIBERTY AV,INDR44000-00-01,03/15/2020,05:00:00,0005545150
LIBERTY AV,INDR44000-00-01,03/15/2020,09:00:00,0005545166
LIBERTY AV,INDR44000-00-01,03/15/2020,13:00:00,0005545191
LIBERTY AV,INDR44000-00-01,03/15/2020,17:00:00,0005545257
LIBERTY AV,INDR44000-00-01,03/15/2020,21:00:00,0005545283
LIBERTY AV,INDR44000-00-01,03/16/2020,01:00:00,0005545292
LIBERTY AV,INDR44000-00-01,03/16/2020,05:00:00,0005545303
LIBERTY AV,INDR44000-00-01,03/16/2020,09:00:00,0005545414
LIBERTY AV,INDR44000-00-01,03/16/2020,13:00:00,0005545474
LIBERTY AV,INDR44000-00-01,03/16/2020,17:00:00,0005545560
LIBERTY AV,INDR44000-00-01,03/16/2020,21:00:00,0005545628
LIBERTY AV,INDR44000-00-01,03/17/2020,01:00:00,0005545633
LIBERTY AV,INDR44000-00-01,03/17/2020,05:00:00,0005545640
LIBERTY AV,INDR44000-00-01,03/17/2020,09:00:00,0005545750
LIBERTY AV,INDR44000-00-01,03/17/2020,13:00:00,0005545807
LIBERTY AV,INDR44000-00-01,03/17/2020,17:00:00,0005545889
LIBERTY AV,INDR44000-00-01,03/17/2020,21:00:00,0005545944
LIBERTY AV,INDR44000-00-01,03/18/2020,01:00:00,0005545960
LIBERTY AV,INDR44000-00-01,03/18/2020,05:00:00,0005545965
LIBERTY AV,INDR44000-00-01,03/18/2020,09:00:00,0005546055
LIBERTY AV,INDR44000-00-01,03/18/2020,13:00:00,0005546115
LIBERTY AV,INDR44000-00-01,03/18/2020,17:00:00,0005546188
LIBERTY AV,INDR44000-00-01,03/18/2020,21:00:00,0005546232
LIBERTY AV,INDR44000-00-01,03/19/2020,01:00:00,0005546240
LIBERTY AV,INDR44000-00-01,03/19/2020,05:00:00,0005546242
LIBERTY AV,INDR44000-00-01,03/19/2020,09:00:00,0005546325
LIBERTY AV,INDR44000-00-01,03/19/2020,13:00:00,0005546392
LIBERTY AV,INDR44000-00-01,03/19/2020,17:00:00,0005546487
LIBERTY AV,INDR44000-00-01,03/19/2020,21:00:00,0005546526
LIBERTY AV,INDR44000-00-01,03/20/2020,01:00:00,0005546539
LIBERTY AV,INDR44000-00-01,03/20/2020,05:00:00,0005546547
LIBERTY AV,INDR44000-00-01,03/20/2020,09:00:00,0005546617
LIBERTY AV,INDR44000-00-01,03/20/2020,13:00:00,0005546685
LIBERTY AV,INDR44000-00-01,03/20/2020,17:00:00,0005546751
LIBERTY AV,INDR44000-00-01,03/20/2020,21:00:00,0005546800
LIBERTY AV,INDR44000-00-02,03/14/2020,01:00:00,0007182782
LIBERTY AV,INDR44000-00-02,03/14/2020,05:00:00,0007182803
LIBERTY AV,INDR44000-00-02,03/14/2020,09:00:00,0007182908
LIBERTY AV,INDR44000-00-02,03/14/2020,13:00:00,0007183049
LIBERTY AV,INDR44000-00-02,03/14/2020,17:00:00,0007183172
LIBERTY AV,INDR44000-00-02,03/14/2020,21:00:00,0007183272
LIBERTY AV,INDR44000-00-02,03/15/2020,01:00:00,0007183318
LIBERTY AV,INDR44000-00-02,03/15/2020,05:00:00,0007183332
LIBERTY AV,INDR44000-00-02,03/15/2020,09:00:00,0007183412
LIBERTY AV,INDR44000-00-02,03/15/2020,13:00:00,0007183500
LIBERTY AV,INDR44000-00-02,03/15/2020,17:00:00,0007183631
LIBERTY AV,INDR44000-00-02,03/15/2020,21:00:00,0007183698
LIBERTY AV,INDR44000-00-02,03/16/2020,01:00:00,0007183739
LIBERTY AV,INDR44000-00-02,03/16/2020,05:00:00,0007183758
LIBERTY AV,INDR44000-00-02,03/16/2020,09:00:00,0007184051
LIBERTY AV,INDR44000-00-02,03/16/2020,13:00:00,0007184246
LIBERTY AV,INDR44000-00-02,03/16/2020,17:00:00,0007184451
LIBERTY AV,INDR44000-00-02,03/16/2020,21:00:00,0007184566
LIBERTY AV,INDR44000-00-02,03/17/2020,01:00:00,0007184605
LIBERTY AV,INDR44000-00-02,03/17/2020,05:00:00,0007184625
LIBERTY AV,INDR44000-00-02,03/17/2020,09:00:00,0007184873
LIBERTY AV,INDR44000-00-02,03/17/2020,13:00:00,0007185027
LIBERTY AV,INDR44000-00-02,03/17/2020,17:00:00,0007185204
LIBERTY AV,INDR44000-00-02,03/17/2020,21:00:00,0007185331
LIBERTY AV,INDR44000-00-02,03/18/2020,01:00:00,0007185374
LIBERTY AV,INDR44000-00-02,03/18/2020,05:00:00,0007185397
LIBERTY AV,INDR44000-00-02,03/18/2020,09:00:00,0007185636
LIBERTY AV,INDR44000-00-02,03/18/2020,13:00:00,0007185816
LIBERTY AV,INDR44000-00-02,03/18/2020,17:00:00,0007185997
LIBERTY AV,INDR44000-00-02,03/18/2020,21:00:00,0007186091
LIBERTY AV,INDR44000-00-02,03/19/2020,01:00:00,0007186130
LIBERTY AV,INDR44000-00-02,03/19/2020,05:00:00,0007186151
LIBERTY AV,INDR44000-00-02,03/19/2020,09:00:00,0007186368
LIBERTY AV,INDR44000-00-02,03/19/2020,13:00:00,0007186550
LIBERTY AV,INDR44000-00-02,03/19/2020,17:00:00,0007186715
LIBERTY AV,INDR44000-00-02,03/19/2020,21:00:00,0007186822
LIBERTY AV,INDR44000-00-02,03/20/2020,01:00:00,0007186861
LIBERTY AV,INDR44000-00-02,03/20/2020,05:00:00,0007186875
LIBERTY AV,INDR44000-00-02,03/20/2020,09:00:00,0007187065
LIBERTY AV,INDR44000-00-02,03/20/2020,13:00:00,0007187213
LIBERTY AV,INDR44000-00-02,03/20/2020,17:00:00,0007187365
LIBERTY AV,INDR44000-00-02,03/20/2020,21:00:00,0007187452
LIBERTY AV,INDR44000-00-00,03/21/2020,01:00:00,0000005617
LIBERTY AV,INDR44000-00-00,03/21/2020,05:00:00,0000005628
LIBERTY AV,INDR44000-00-00,03/21/2020,09:00:00,0000005643
LIBERTY AV,INDR44000-00-00,03/21/2020,13:00:00,0000005666
LIBERTY AV,INDR44000-00-00,03/21/2020,17:00:00,0000005693
LIBERTY AV,INDR44000-00-00,03/21/2020,21:00:00,0000005718
LIBERTY AV,INDR44000-00-00,03/22/2020,01:00:00,0000005728
LIBERTY AV,INDR44000-00-00,03/22/2020,05:00:00,0000005733
LIBERTY AV,INDR44000-00-00,03/22/2020,09:00:00,0000005750
LIBERTY AV,INDR44000-00-00,03/22/2020,13:00:00,0000005761
LIBERTY AV,INDR44000-00-00,03/22/2020,17:00:00,0000005788
LIBERTY AV,INDR44000-00-00,03/22/2020,21:00:00,0000005799
LIBERTY AV,INDR44000-00-00,03/23/2020,01:00:00,0000005808
LIBERTY AV,INDR44000-00-00,03/23/2020,05:00:00,0000005812
LIBERTY AV,INDR44000-00-00,03/23/2020,09:00:00,0000005854
LIBERTY AV,INDR44000-00-00,03/23/2020,13:00:00,0000005892
LIBERTY AV,INDR44000-00-00,03/23/2020,17:00:00,0000005921
LIBERTY AV,INDR44000-00-00,03/23/2020,21:00:00,0000005951
LIBERTY AV,INDR44000-00-00,03/24/2020,01:00:00,0000005953
LIBERTY AV,INDR44000-00-00,03/24/2020,05:00:00,0000005960
LIBERTY AV,INDR44000-00-00,03/24/2020,09:00:00,0000006000
LIBERTY AV,INDR44000-00-00,03/24/2020,13:00:00,0000006030
LIBERTY AV,INDR44000-00-00,03/24/2020,17:00:00,0000006066
LIBERTY AV,INDR44000-00-00,03/24/2020,21:00:00,0000006099
LIBERTY AV,INDR44000-00-00,03/25/2020,01:00:00,0000006113
LIBERTY AV,INDR44000-00-00,03/25/2020,05:00:00,0000006117
LIBERTY AV,INDR44000-00-00,03/25/2020,09:00:00,0000006166
LIBERTY AV,INDR44000-00-00,03/25/2020,13:00:00,0000006199
LIBERTY AV,INDR44000-00-00,03/25/2020,17:00:00,0000006238
LIBERTY AV,INDR44000-00-00,03/25/2020,21:00:00,0000006262
LIBERTY AV,INDR44000-00-00,03/26/2020,01:00:00,0000006271
LIBERTY AV,INDR44000-00-00,03/26/2020,05:00:00,0000006279
LIBERTY AV,INDR44000-00-00,03/26/2020,09:00:00,0000006325
LIBERTY AV,INDR44000-00-00,03/26/2020,13:00:00,0000006362
LIBERTY AV,INDR44000-00-00,03/26/2020,17:00:00,0000006394
LIBERTY AV,INDR44000-00-00,03/26/2020,21:00:00,0000006419
LIBERTY AV,INDR44000-00-00,03/27/2020,01:00:00,0000006427
LIBERTY AV,INDR44000-00-00,03/27/2020,05:00:00,0000006433
LIBERTY AV,INDR44000-00-00,03/27/2020,09:00:00,0000006475
LIBERTY AV,INDR44000-00-00,03/27/2020,13:00:00,0000006511
LIBERTY AV,INDR44000-00-00,03/27/2020,17:00:00,0000006549
LIBERTY AV,INDR44000-00-00,03/27/2020,21:00:00,0000006570
LIBERTY AV,INDR44000-00-01,03/21/2020,01:00:00,0005546819
LIBERTY AV,INDR44000-00-01,03/21/2020,05:00:00,0005546822
LIBERTY AV,INDR44000-00-01,03/21/2020,09:00:00,0005546837
LIBERTY AV,INDR44000-00-01,03/21/2020,13:00:00,0005546863
LIBERTY AV,INDR44000-00-01,03/21/2020,17:00:00,0005546883
LIBERTY AV,INDR44000-00-01,03/21/2020,21:00:00,0005546900
LIBERTY AV,INDR44000-00-01,03/22/2020,01:00:00,0005546906
LIBERTY AV,INDR44000-00-01,03/22/2020,05:00:00,0005546911
LIBERTY AV,INDR44000-00-01,03/22/2020,09:00:00,0005546924
LIBERTY AV,INDR44000-00-01,03/22/2020,13:00:00,0005546939
LIBERTY AV,INDR44000-00-01,03/22/2020,17:00:00,0005546970
LIBERTY AV,INDR44000-00-01,03/22/2020,21:00:00,0005546984
LIBERTY AV,INDR44000-00-01,03/23/2020,01:00:00,0005546986
LIBERTY AV,INDR44000-00-01,03/23/2020,05:00:00,0005546988
LIBERTY AV,INDR44000-00-01,03/23/2020,09:00:00,0005547033
LIBERTY AV,INDR44000-00-01,03/23/2020,13:00:00,0005547053
LIBERTY AV,INDR44000-00-01,03/23/2020,17:00:00,0005547090
LIBERTY AV,INDR44000-00-01,03/23/2020,21:00:00,0005547106
LIBERTY AV,INDR44000-00-01,03/24/2020,01:00:00,0005547113
LIBERTY AV,INDR44000-00-01,03/24/2020,05:00:00,0005547119
LIBERTY AV,INDR44000-00-01,03/24/2020,09:00:00,0005547160
LIBERTY AV,INDR44000-00-01,03/24/2020,13:00:00,0005547185
LIBERTY AV,INDR44000-00-01,03/24/2020,17:00:00,0005547223
LIBERTY AV,INDR44000-00-01,03/24/2020,21:00:00,0005547251
LIBERTY AV,INDR44000-00-01,03/25/2020,01:00:00,0005547259
LIBERTY AV,INDR44000-00-01,03/25/2020,05:00:00,0005547263
LIBERTY AV,INDR44000-00-01,03/25/2020,09:00:00,0005547299
LIBERTY AV,INDR44000-00-01,03/25/2020,13:00:00,0005547322
LIBERTY AV,INDR44000-00-01,03/25/2020,17:00:00,0005547351
LIBERTY AV,INDR44000-00-01,03/25/2020,21:00:00,0005547378
LIBERTY AV,INDR44000-00-01,03/26/2020,01:00:00,0005547387
LIBERTY AV,INDR44000-00-01,03/26/2020,05:00:00,0005547393
LIBERTY AV,INDR44000-00-01,03/26/2020,09:00:00,0005547429
LIBERTY AV,INDR44000-00-01,03/26/2020,13:00:00,0005547454
LIBERTY AV,INDR44000-00-01,03/26/2020,17:00:00,0005547488
LIBERTY AV,INDR44000-00-01,03/26/2020,21:00:00,0005547511
LIBERTY AV,INDR44000-00-01,03/27/2020,01:00:00,0005547521
LIBERTY AV,INDR44000-00-01,03/27/2020,05:00:00,0005547522
LIBERTY AV,INDR44000-00-01,03/27/2020,09:00:00,0005547551
LIBERTY AV,INDR44000-00-01,03/27/2020,13:00:00,0005547574
LIBERTY AV,INDR44000-00-01,03/27/2020,17:00:00,0005547621
LIBERTY AV,INDR44000-00-01,03/27/2020,21:00:00,0005547641
LIBERTY AV,INDR44000-00-02,03/21/2020,01:00:00,0007187489
LIBERTY AV,INDR44000-00-02,03/21/2020,05:00:00,0007187502
LIBERTY AV,INDR44000-00-02,03/21/2020,09:00:00,0007187568
LIBERTY AV,INDR44000-00-02,03/21/2020,13:00:00,0007187632
LIBERTY AV,INDR44000-00-02,03/21/2020,17:00:00,0007187722
LIBERTY AV,INDR44000-00-02,03/21/2020,21:00:00,0007187764
LIBERTY AV,INDR44000-00-02,03/22/2020,01:00:00,0007187786
LIBERTY AV,INDR44000-00-02,03/22/2020,05:00:00,0007187789
LIBERTY AV,INDR44000-00-02,03/22/2020,09:00:00,0007187839
LIBERTY AV,INDR44000-00-02,03/22/2020,13:00:00,0007187885
LIBERTY AV,INDR44000-00-02,03/22/2020,17:00:00,0007187944
LIBERTY AV,INDR44000-00-02,03/22/2020,21:00:00,0007187993
LIBERTY AV,INDR44000-00-02,03/23/2020,01:00:00,0007188019
LIBERTY AV,INDR44000-00-02,03/23/2020,05:00:00,0007188030
LIBERTY AV,INDR44000-00-02,03/23/2020,09:00:00,0007188178
LIBERTY AV,INDR44000-00-02,03/23/2020,13:00:00,0007188255
LIBERTY AV,INDR44000-00-02,03/23/2020,17:00:00,0007188344
LIBERTY AV,INDR44000-00-02,03/23/2020,21:00:00,0007188414
LIBERTY AV,INDR44000-00-02,03/24/2020,01:00:00,0007188434
LIBERTY AV,INDR44000-00-02,03/24/2020,05:00:00,0007188443
LIBERTY AV,INDR44000-00-02,03/24/2020,09:00:00,0007188570
LIBERTY AV,INDR44000-00-02,03/24/2020,13:00:00,0007188644
LIBERTY AV,INDR44000-00-02,03/24/2020,17:00:00,0007188739
LIBERTY AV,INDR44000-00-02,03/24/2020,21:00:00,0007188801
LIBERTY AV,INDR44000-00-02,03/25/2020,01:00:00,0007188828
LIBERTY AV,INDR44000-00-02,03/25/2020,05:00:00,0007188835
LIBERTY AV,INDR44000-00-02,03/25/2020,09:00:00,0007188943
LIBERTY AV,INDR44000-00-02,03/25/2020,13:00:00,0007189000
LIBERTY AV,INDR44000-00-02,03/25/2020,17:00:00,0007189067
LIBERTY AV,INDR44000-00-02,03/25/2020,21:00:00,0007189133
LIBERTY AV,INDR44000-00-02,03/26/2020,01:00:00,0007189158
LIBERTY AV,INDR44000-00-02,03/26/2020,05:00:00,0007189165
LIBERTY AV,INDR44000-00-02,03/26/2020,09:00:00,0007189278
LIBERTY AV,INDR44000-00-02,03/26/2020,13:00:00,0007189344
LIBERTY AV,INDR44000-00-02,03/26/2020,17:00:00,0007189419
LIBERTY AV,INDR44000-00-02,03/26/2020,21:00:00,0007189469
LIBERTY AV,INDR44000-00-02,03/27/2020,01:00:00,0007189490
LIBERTY AV,INDR44000-00-02,03/27/2020,05:00:00,0007189502
LIBERTY AV,INDR44000-00-02,03/27/2020,09:00:00,0007189595
LIBERTY AV,INDR44000-00-02,03/27/2020,13:00:00,0007189656
LIBERTY AV,INDR44000-00-02,03/27/2020,17:00:00,0007189728
LIBERTY AV,INDR44000-00-02,03/27/2020,21:00:00,0007189777
LIBERTY AV,INDR44000-00-00,03/28/2020,01:00:00,0000006576
LIBERTY AV,INDR44000-00-00,03/28/2020,05:00:00,0000006583
LIBERTY AV,INDR44000-00-00,03/28/2020,09:00:00,0000006602
LIBERTY AV,INDR44000-00-00,03/28/2020,13:00:00,0000006616
LIBERTY AV,INDR44000-00-00,03/28/2020,17:00:00,0000006631
LIBERTY AV,INDR44000-00-00,03/28/2020,21:00:00,0000006639
LIBERTY AV,INDR44000-00-00,03/29/2020,01:00:00,0000006641
LIBERTY AV,INDR44000-00-00,03/29/2020,05:00:00,0000006646
LIBERTY AV,INDR44000-00-00,03/29/2020,09:00:00,0000006660
LIBERTY AV,INDR44000-00-00,03/29/2020,13:00:00,0000006670
LIBERTY AV,INDR44000-00-00,03/29/2020,17:00:00,0000006680
LIBERTY AV,INDR44000-00-00,03/29/2020,21:00:00,0000006690
LIBERTY AV,INDR44000-00-00,03/30/2020,01:00:00,0000006697
LIBERTY AV,INDR44000-00-00,03/30/2020,05:00:00,0000006702
LIBERTY AV,INDR44000-00-00,03/30/2020,09:00:00,0000006740
LIBERTY AV,INDR44000-00-00,03/30/2020,13:00:00,0000006760
LIBERTY AV,INDR44000-00-00,03/30/2020,17:00:00,0000006801
LIBERTY AV,INDR44000-00-00,03/30/2020,21:00:00,0000006821
LIBERTY AV,INDR44000-00-00,03/31/2020,01:00:00,0000006827
LIBERTY AV,INDR44000-00-00,03/31/2020,05:00:00,0000006833
LIBERTY AV,INDR44000-00-00,03/31/2020,09:00:00,0000006872
LIBERTY AV,INDR44000-00-00,03/31/2020,13:00:00,0000006891
LIBERTY AV,INDR44000-00-00,03/31/2020,17:00:00,0000006919
LIBERTY AV,INDR44000-00-00,03/31/2020,21:00:00,0000006943
LIBERTY AV,INDR44000-00-00,04/01/2020,01:00:00,0000006951
LIBERTY AV,INDR44000-00-00,04/01/2020,05:00:00,0000006956
LIBERTY AV,INDR44000-00-00,04/01/2020,09:00:00,0000006982
LIBERTY AV,INDR44000-00-00,04/01/2020,13:00:00,0000006999
LIBERTY AV,INDR44000-00-00,04/01/2020,17:00:00,0000007030
LIBERTY AV,INDR44000-00-00,04/01/2020,21:00:00,0000007070
LIBERTY AV,INDR44000-00-00,04/02/2020,01:00:00,0000007083
LIBERTY AV,INDR44000-00-00,04/02/2020,05:00:00,0000007087
LIBERTY AV,INDR44000-00-00,04/02/2020,09:00:00,0000007123
LIBERTY AV,INDR44000-00-00,04/02/2020,13:00:00,0000007142
LIBERTY AV,INDR44000-00-00,04/02/2020,17:00:00,0000007161
LIBERTY AV,INDR44000-00-00,04/02/2020,21:00:00,0000007182
LIBERTY AV,INDR44000-00-00,04/03/2020,01:00:00,0000007189
LIBERTY AV,INDR44000-00-00,04/03/2020,05:00:00,0000007191
LIBERTY AV,INDR44000-00-00,04/03/2020,09:00:00,0000007223
LIBERTY AV,INDR44000-00-00,04/03/2020,13:00:00,0000007245
LIBERTY AV,INDR44000-00-00,04/03/2020,17:00:00,0000007284
LIBERTY AV,INDR44000-00-00,04/03/2020,21:00:00,0000007298
LIBERTY AV,INDR44000-00-01,03/28/2020,01:00:00,0005547649
LIBERTY AV,INDR44000-00-01,03/28/2020,05:00:00,0005547652
LIBERTY AV,INDR44000-00-01,03/28/2020,09:00:00,0005547667
LIBERTY AV,INDR44000-00-01,03/28/2020,13:00:00,0005547680
LIBERTY AV,INDR44000-00-01,03/28/2020,17:00:00,0005547692
LIBERTY AV,INDR44000-00-01,03/28/2020,21:00:00,0005547702
LIBERTY AV,INDR44000-00-01,03/29/2020,01:00:00,0005547704
LIBERTY AV,INDR44000-00-01,03/29/2020,05:00:00,0005547704
LIBERTY AV,INDR44000-00-01,03/29/2020,09:00:00,0005547722
LIBERTY AV,INDR44000-00-01,03/29/2020,13:00:00,0005547730
LIBERTY AV,INDR44000-00-01,03/29/2020,17:00:00,0005547752
LIBERTY AV,INDR44000-00-01,03/29/2020,21:00:00,0005547760
LIBERTY AV,INDR44000-00-01,03/30/2020,01:00:00,0005547765
LIBERTY AV,INDR44000-00-01,03/30/2020,05:00:00,0005547767
LIBERTY AV,INDR44000-00-01,03/30/2020,09:00:00,0005547804
LIBERTY AV,INDR44000-00-01,03/30/2020,13:00:00,0005547825
LIBERTY AV,INDR44000-00-01,03/30/2020,17:00:00,0005547852
LIBERTY AV,INDR44000-00-01,03/30/2020,21:00:00,0005547875
LIBERTY AV,INDR44000-00-01,03/31/2020,01:00:00,0005547879
LIBERTY AV,INDR44000-00-01,03/31/2020,05:00:00,0005547882
LIBERTY AV,INDR44000-00-01,03/31/2020,09:00:00,0005547921
LIBERTY AV,INDR44000-00-01,03/31/2020,13:00:00,0005547933
LIBERTY AV,INDR44000-00-01,03/31/2020,17:00:00,0005547964
LIBERTY AV,INDR44000-00-01,03/31/2020,21:00:00,0005547980
LIBERTY AV,INDR44000-00-01,04/01/2020,01:00:00,0005547988
LIBERTY AV,INDR44000-00-01,04/01/2020,05:00:00,0005547990
LIBERTY AV,INDR44000-00-01,04/01/2020,09:00:00,0005548022
LIBERTY AV,INDR44000-00-01,04/01/2020,13:00:00,0005548042
LIBERTY AV,INDR44000-00-01,04/01/2020,17:00:00,0005548076
LIBERTY AV,INDR44000-00-01,04/01/2020,21:00:00,0005548093
LIBERTY AV,INDR44000-00-01,04/02/2020,01:00:00,0005548103
LIBERTY AV,INDR44000-00-01,04/02/2020,05:00:00,0005548109
LIBERTY AV,INDR44000-00-01,04/02/2020,09:00:00,0005548135
LIBERTY AV,INDR44000-00-01,04/02/2020,13:00:00,0005548147
LIBERTY AV,INDR44000-00-01,04/02/2020,17:00:00,0005548191
LIBERTY AV,INDR44000-00-01,04/02/2020,21:00:00,0005548206
LIBERTY AV,INDR44000-00-01,04/03/2020,01:00:00,0005548214
LIBERTY AV,INDR44000-00-01,04/03/2020,05:00:00,0005548217
LIBERTY AV,INDR44000-00-01,04/03/2020,09:00:00,0005548236
LIBERTY AV,INDR44000-00-01,04/03/2020,13:00:00,0005548250
LIBERTY AV,INDR44000-00-01,04/03/2020,17:00:00,0005548299
LIBERTY AV,INDR44000-00-01,04/03/2020,21:00:00,0005548316
LIBERTY AV,INDR44000-00-02,03/28/2020,01:00:00,0007189796
LIBERTY AV,INDR44000-00-02,03/28/2020,05:00:00,0007189801
LIBERTY AV,INDR44000-00-02,03/28/2020,09:00:00,0007189846
LIBERTY AV,INDR44000-00-02,03/28/2020,13:00:00,0007189886
LIBERTY AV,INDR44000-00-02,03/28/2020,17:00:00,0007189925
LIBERTY AV,INDR44000-00-02,03/28/2020,21:00:00,0007189945
LIBERTY AV,INDR44000-00-02,03/29/2020,01:00:00,0007189972
LIBERTY AV,INDR44000-00-02,03/29/2020,05:00:00,0007189978
LIBERTY AV,INDR44000-00-02,03/29/2020,09:00:00,0007190023
LIBERTY AV,INDR44000-00-02,03/29/2020,13:00:00,0007190046
LIBERTY AV,INDR44000-00-02,03/29/2020,17:00:00,0007190075
LIBERTY AV,INDR44000-00-02,03/29/2020,21:00:00,0007190100
LIBERTY AV,INDR44000-00-02,03/30/2020,01:00:00,0007190113
LIBERTY AV,INDR44000-00-02,03/30/2020,05:00:00,0007190125
LIBERTY AV,INDR44000-00-02,03/30/2020,09:00:00,0007190217
LIBERTY AV,INDR44000-00-02,03/30/2020,13:00:00,0007190273
LIBERTY AV,INDR44000-00-02,03/30/2020,17:00:00,0007190343
LIBERTY AV,INDR44000-00-02,03/30/2020,21:00:00,0007190394
LIBERTY AV,INDR44000-00-02,03/31/2020,01:00:00,0007190411
LIBERTY AV,INDR44000-00-02,03/31/2020,05:00:00,0007190419
LIBERTY AV,INDR44000-00-02,03/31/2020,09:00:00,0007190496
LIBERTY AV,INDR44000-00-02,03/31/2020,13:00:00,0007190543
LIBERTY AV,INDR44000-00-02,03/31/2020,17:00:00,0007190609
LIBERTY AV,INDR44000-00-02,03/31/2020,21:00:00,0007190659
LIBERTY AV,INDR44000-00-02,04/01/2020,01:00:00,0007190677
LIBERTY AV,INDR44000-00-02,04/01/2020,05:00:00,0007190686
LIBERTY AV,INDR44000-00-02,04/01/2020,09:00:00,0007190759
LIBERTY AV,INDR44000-00-02,04/01/2020,13:00:00,0007190813
LIBERTY AV,INDR44000-00-02,04/01/2020,17:00:00,0007190899
LIBERTY AV,INDR44000-00-02,04/01/2020,21:00:00,0007190949
LIBERTY AV,INDR44000-00-02,04/02/2020,01:00:00,0007190975
LIBERTY AV,INDR44000-00-02,04/02/2020,05:00:00,0007190984
LIBERTY AV,INDR44000-00-02,04/02/2020,09:00:00,0007191063
LIBERTY AV,INDR44000-00-02,04/02/2020,13:00:00,0007191119
LIBERTY AV,INDR44000-00-02,04/02/2020,17:00:00,0007191192
LIBERTY AV,INDR44000-00-02,04/02/2020,21:00:00,0007191246
LIBERTY AV,INDR44000-00-02,04/03/2020,01:00:00,0007191268
LIBERTY AV,INDR44000-00-02,04/03/2020,05:00:00,0007191283
LIBERTY AV,INDR44000-00-02,04/03/2020,09:00:00,0007191360
LIBERTY AV,INDR44000-00-02,04/03/2020,13:00:00,0007191427
LIBERTY AV,INDR44000-00-02,04/03/2020,17:00:00,0007191506
LIBERTY AV,INDR44000-00-02,04/03/2020,21:00:00,0007191557
LIBERTY AV,INDR44000-00-00,04/04/2020,01:00:00,0000007304
LIBERTY AV,INDR44000-00-00,04/04/2020,05:00:00,0000007308
LIBERTY AV,INDR44000-00-00,04/04/2020,09:00:00,0000007323
LIBERTY AV,INDR44000-00-00,04/04/2020,13:00:00,0000007329
LIBERTY AV,INDR44000-00-00,04/04/2020,17:00:00,0000007347
LIBERTY AV,INDR44000-00-00,04/04/2020,21:00:00,0000007360
LIBERTY AV,INDR44000-00-00,04/05/2020,01:00:00,0000007364
LIBERTY AV,INDR44000-00-00,04/05/2020,05:00:00,0000007368
LIBERTY AV,INDR44000-00-00,04/05/2020,09:00:00,0000007380
LIBERTY AV,INDR44000-00-00,04/05/2020,13:00:00,0000007392
LIBERTY AV,INDR44000-00-00,04/05/2020,17:00:00,0000007406
LIBERTY AV,INDR44000-00-00,04/05/2020,21:00:00,0000007419
LIBERTY AV,INDR44000-00-00,04/06/2020,01:00:00,0000007425
LIBERTY AV,INDR44000-00-00,04/06/2020,05:00:00,0000007434
LIBERTY AV,INDR44000-00-00,04/06/2020,09:00:00,0000007472
LIBERTY AV,INDR44000-00-00,04/06/2020,13:00:00,0000007499
LIBERTY AV,INDR44000-00-00,04/06/2020,17:00:00,0000007519
LIBERTY AV,INDR44000-00-00,04/06/2020,21:00:00,0000007539
LIBERTY AV,INDR44000-00-00,04/07/2020,01:00:00,0000007544
LIBERTY AV,INDR44000-00-00,04/07/2020,05:00:00,0000007551
LIBERTY AV,INDR44000-00-00,04/07/2020,09:00:00,0000007574
LIBERTY AV,INDR44000-00-00,04/07/2020,13:00:00,0000007599
LIBERTY AV,INDR44000-00-00,04/07/2020,17:00:00,0000007631
LIBERTY AV,INDR44000-00-00,04/07/2020,21:00:00,0000007657
LIBERTY AV,INDR44000-00-00,04/08/2020,01:00:00,0000007663
LIBERTY AV,INDR44000-00-00,04/08/2020,05:00:00,0000007667
LIBERTY AV,INDR44000-00-00,04/08/2020,09:00:00,0000007692
LIBERTY AV,INDR44000-00-00,04/08/2020,13:00:00,0000007707
LIBERTY AV,INDR44000-00-00,04/08/2020,17:00:00,0000007738
LIBERTY AV,INDR44000-00-00,04/08/2020,21:00:00,0000007764
LIBERTY AV,INDR44000-00-00,04/09/2020,01:00:00,0000007768
LIBERTY AV,INDR44000-00-00,04/09/2020,05:00:00,0000007772
LIBERTY AV,INDR44000-00-00,04/09/2020,09:00:00,0000007801
LIBERTY AV,INDR44000-00-00,04/09/2020,13:00:00,0000007825
LIBERTY AV,INDR44000-00-00,04/09/2020,17:00:00,0000007852
LIBERTY AV,INDR44000-00-00,04/09/2020,21:00:00,0000007866
LIBERTY AV,INDR44000-00-00,04/10/2020,01:00:00,0000007869
LIBERTY AV,INDR44000-00-00,04/10/2020,05:00:00,0000007872
LIBERTY AV,INDR44000-00-00,04/10/2020,09:00:00,0000007889
LIBERTY AV,INDR44000-00-00,04/10/2020,13:00:00,0000007911
LIBERTY AV,INDR44000-00-00,04/10/2020,17:00:00,0000007937
LIBERTY AV,INDR44000-00-00,04/10/2020,21:00:00,0000007951
LIBERTY AV,INDR44000-00-01,04/04/2020,01:00:00,0005548320
LIBERTY AV,INDR44000-00-01,04/04/2020,05:00:00,0005548323
LIBERTY AV,INDR44000-00-01,04/04/2020,09:00:00,0005548337
LIBERTY AV,INDR44000-00-01,04/04/2020,13:00:00,0005548354
LIBERTY AV,INDR44000-00-01,04/04/2020,17:00:00,0005548367
LIBERTY AV,INDR44000-00-01,04/04/2020,21:00:00,0005548382
LIBERTY AV,INDR44000-00-01,04/05/2020,01:00:00,0005548386
LIBERTY AV,INDR44000-00-01,04/05/2020,05:00:00,0005548388
LIBERTY AV,INDR44000-00-01,04/05/2020,09:00:00,0005548401
LIBERTY AV,INDR44000-00-01,04/05/2020,13:00:00,0005548411
LIBERTY AV,INDR44000-00-01,04/05/2020,17:00:00,0005548421
LIBERTY AV,INDR44000-00-01,04/05/2020,21:00:00,0005548426
LIBERTY AV,INDR44000-00-01,04/06/2020,01:00:00,0005548429
LIBERTY AV,INDR44000-00-01,04/06/2020,05:00:00,0005548433
LIBERTY AV,INDR44000-00-01,04/06/2020,09:00:00,0005548457
LIBERTY AV,INDR44000-00-01,04/06/2020,13:00:00,0005548470
LIBERTY AV,INDR44000-00-01,04/06/2020,17:00:00,0005548499
LIBERTY AV,INDR44000-00-01,04/06/2020,21:00:00,0005548517
LIBERTY AV,INDR44000-00-01,04/07/2020,01:00:00,0005548522
LIBERTY AV,INDR44000-00-01,04/07/2020,05:00:00,0005548526
LIBERTY AV,INDR44000-00-01,04/07/2020,09:00:00,0005548557
LIBERTY AV,INDR44000-00-01,04/07/2020,13:00:00,0005548574
LIBERTY AV,INDR44000-00-01,04/07/2020,17:00:00,0005548603
LIBERTY AV,INDR44000-00-01,04/07/2020,21:00:00,0005548620
LIBERTY AV,INDR44000-00-01,04/08/2020,01:00:00,0005548624
LIBERTY AV,INDR44000-00-01,04/08/2020,05:00:00,0005548627
LIBERTY AV,INDR44000-00-01,04/08/2020,09:00:00,0005548651
LIBERTY AV,INDR44000-00-01,04/08/2020,13:00:00,0005548659
LIBERTY AV,INDR44000-00-01,04/08/2020,17:00:00,0005548686
LIBERTY AV,INDR44000-00-01,04/08/2020,21:00:00,0005548704
LIBERTY AV,INDR44000-00-01,04/09/2020,01:00:00,0005548713
LIBERTY AV,INDR44000-00-01,04/09/2020,05:00:00,0005548714
LIBERTY AV,INDR44000-00-01,04/09/2020,09:00:00,0005548731
LIBERTY AV,INDR44000-00-01,04/09/2020,13:00:00,0005548745
LIBERTY AV,INDR44000-00-01,04/09/2020,17:00:00,0005548780
LIBERTY AV,INDR44000-00-01,04/09/2020,21:00:00,0005548793
LIBERTY AV,INDR44000-00-01,04/10/2020,01:00:00,0005548799
LIBERTY AV,INDR44000-00-01,04/10/2020,05:00:00,0005548800
LIBERTY AV,INDR44000-00-01,04/10/2020,09:00:00,0005548823
LIBERTY AV,INDR44000-00-01,04/10/2020,13:00:00,0005548837
LIBERTY AV,INDR44000-00-01,04/10/2020,17:00:00,0005548859
LIBERTY AV,INDR44000-00-01,04/10/2020,21:00:00,0005548871
LIBERTY AV,INDR44000-00-02,04/04/2020,01:00:00,0007191574
LIBERTY AV,INDR44000-00-02,04/04/2020,05:00:00,0007191578
LIBERTY AV,INDR44000-00-02,04/04/2020,09:00:00,0007191610
LIBERTY AV,INDR44000-00-02,04/04/2020,13:00:00,0007191644
LIBERTY AV,INDR44000-00-02,04/04/2020,17:00:00,0007191677
LIBERTY AV,INDR44000-00-02,04/04/2020,21:00:00,0007191699
LIBERTY AV,INDR44000-00-02,04/05/2020,01:00:00,0007191721
LIBERTY AV,INDR44000-00-02,04/05/2020,05:00:00,0007191726
LIBERTY AV,INDR44000-00-02,04/05/2020,09:00:00,0007191762
LIBERTY AV,INDR44000-00-02,04/05/2020,13:00:00,0007191792
LIBERTY AV,INDR44000-00-02,04/05/2020,17:00:00,0007191821
LIBERTY AV,INDR44000-00-02,04/05/2020,21:00:00,0007191854
LIBERTY AV,INDR44000-00-02,04/06/2020,01:00:00,0007191871
LIBERTY AV,INDR44000-00-02,04/06/2020,05:00:00,0007191887
LIBERTY AV,INDR44000-00-02,04/06/2020,09:00:00,0007191966
LIBERTY AV,INDR44000-00-02,04/06/2020,13:00:00,0007192009
LIBERTY AV,INDR44000-00-02,04/06/2020,17:00:00,0007192090
LIBERTY AV,INDR44000-00-02,04/06/2020,21:00:00,0007192130
LIBERTY AV,INDR44000-00-02,04/07/2020,01:00:00,0007192147
LIBERTY AV,INDR44000-00-02,04/07/2020,05:00:00,0007192155
LIBERTY AV,INDR44000-00-02,04/07/2020,09:00:00,0007192242
LIBERTY AV,INDR44000-00-02,04/07/2020,13:00:00,0007192277
LIBERTY AV,INDR44000-00-02,04/07/2020,17:00:00,0007192345
LIBERTY AV,INDR44000-00-02,04/07/2020,21:00:00,0007192393
LIBERTY AV,INDR44000-00-02,04/08/2020,01:00:00,0007192410
LIBERTY AV,INDR44000-00-02,04/08/2020,05:00:00,0007192421
LIBERTY AV,INDR44000-00-02,04/08/2020,09:00:00,0007192500
LIBERTY AV,INDR44000-00-02,04/08/2020,13:00:00,0007192544
LIBERTY AV,INDR44000-00-02,04/08/2020,17:00:00,0007192618
LIBERTY AV,INDR44000-00-02,04/08/2020,21:00:00,0007192669
LIBERTY AV,INDR44000-00-02,04/09/2020,01:00:00,0007192686
LIBERTY AV,INDR44000-00-02,04/09/2020,05:00:00,0007192699
LIBERTY AV,INDR44000-00-02,04/09/2020,09:00:00,0007192781
LIBERTY AV,INDR44000-00-02,04/09/2020,13:00:00,0007192826
LIBERTY AV,INDR44000-00-02,04/09/2020,17:00:00,0007192896
LIBERTY AV,INDR44000-00-02,04/09/2020,21:00:00,0007192922
LIBERTY AV,INDR44000-00-02,04/10/2020,01:00:00,0007192941
LIBERTY AV,INDR44000-00-02,04/10/2020,05:00:00,0007192950
LIBERTY AV,INDR44000-00-02,04/10/2020,09:00:00,0007193020
LIBERTY AV,INDR44000-00-02,04/10/2020,13:00:00,0007193069
LIBERTY AV,INDR44000-00-02,04/10/2020,17:00:00,0007193140
LIBERTY AV,INDR44000-00-02,04/10/2020,21:00:00,0007193170
LIBERTY AV,INDR44000-00-00,04/11/2020,01:00:00,0000007954
LIBERTY AV,INDR44000-00-00,04/11/2020,05:00:00,0000007955
LIBERTY AV,INDR44000-00-00,04/11/2020,09:00:00,0000007963
LIBERTY AV,INDR44000-00-00,04/11/2020,13:00:00,0000007980
LIBERTY AV,INDR44000-00-00,04/11/2020,17:00:00,0000008004
LIBERTY AV,INDR44000-00-00,04/11/2020,21:00:00,0000008018
LIBERTY AV,INDR44000-00-00,04/12/2020,01:00:00,0000008021
LIBERTY AV,INDR44000-00-00,04/12/2020,05:00:00,0000008021
LIBERTY AV,INDR44000-00-00,04/12/2020,09:00:00,0000008033
LIBERTY AV,INDR44000-00-00,04/12/2020,13:00:00,0000008041
LIBERTY AV,INDR44000-00-00,04/12/2020,17:00:00,0000008055
LIBERTY AV,INDR44000-00-00,04/12/2020,21:00:00,0000008060
LIBERTY AV,INDR44000-00-00,04/13/2020,01:00:00,0000008066
LIBERTY AV,INDR44000-00-00,04/13/2020,05:00:00,0000008069
LIBERTY AV,INDR44000-00-00,04/13/2020,09:00:00,0000008096
LIBERTY AV,INDR44000-00-00,04/13/2020,13:00:00,0000008111
LIBERTY AV,INDR44000-00-00,04/13/2020,17:00:00,0000008139
LIBERTY AV,INDR44000-00-00,04/13/2020,21:00:00,0000008161
LIBERTY AV,INDR44000-00-00,04/14/2020,01:00:00,0000008169
LIBERTY AV,INDR44000-00-00,04/14/2020,05:00:00,0000008174
LIBERTY AV,INDR44000-00-00,04/14/2020,09:00:00,0000008203
LIBERTY AV,INDR44000-00-00,04/14/2020,13:00:00,0000008219
LIBERTY AV,INDR44000-00-00,04/14/2020,17:00:00,0000008250
LIBERTY AV,INDR44000-00-00,04/14/2020,21:00:00,0000008263
LIBERTY AV,INDR44000-00-00,04/15/2020,01:00:00,0000008266
LIBERTY AV,INDR44000-00-00,04/15/2020,05:00:00,0000008269
LIBERTY AV,INDR44000-00-00,04/15/2020,09:00:00,0000008295
LIBERTY AV,INDR44000-00-00,04/15/2020,13:00:00,0000008323
LIBERTY AV,INDR44000-00-00,04/15/2020,17:00:00,0000008339
LIBERTY AV,INDR44000-00-00,04/15/2020,21:00:00,0000008353
LIBERTY AV,INDR44000-00-00,04/16/2020,01:00:00,0000008359
LIBERTY AV,INDR44000-00-00,04/16/2020,05:00:00,0000008363
LIBERTY AV,INDR44000-00-00,04/16/2020,09:00:00,0000008395
LIBERTY AV,INDR44000-00-00,04/16/2020,13:00:00,0000008409
LIBERTY AV,INDR44000-00-00,04/16/2020,17:00:00,0000008430
LIBERTY AV,INDR44000-00-00,04/16/2020,21:00:00,0000008449
LIBERTY AV,INDR44000-00-00,04/17/2020,01:00:00,0000008452
LIBERTY AV,INDR44000-00-00,04/17/2020,05:00:00,0000008454
LIBERTY AV,INDR44000-00-00,04/17/2020,09:00:00,0000008480
LIBERTY AV,INDR44000-00-00,04/17/2020,13:00:00,0000008499
LIBERTY AV,INDR44000-00-00,04/17/2020,17:00:00,0000008542
LIBERTY AV,INDR44000-00-00,04/17/2020,21:00:00,0000008553
LIBERTY AV,INDR44000-00-01,04/11/2020,01:00:00,0005548874
LIBERTY AV,INDR44000-00-01,04/11/2020,05:00:00,0005548878
LIBERTY AV,INDR44000-00-01,04/11/2020,09:00:00,0005548893
LIBERTY AV,INDR44000-00-01,04/11/2020,13:00:00,0005548906
LIBERTY AV,INDR44000-00-01,04/11/2020,17:00:00,0005548928
LIBERTY AV,INDR44000-00-01,04/11/2020,21:00:00,0005548936
LIBERTY AV,INDR44000-00-01,04/12/2020,01:00:00,0005548941
LIBERTY AV,INDR44000-00-01,04/12/2020,05:00:00,0005548943
LIBERTY AV,INDR44000-00-01,04/12/2020,09:00:00,0005548954
LIBERTY AV,INDR44000-00-01,04/12/2020,13:00:00,0005548959
LIBERTY AV,INDR44000-00-01,04/12/2020,17:00:00,0005548972
LIBERTY AV,INDR44000-00-01,04/12/2020,21:00:00,0005548986
LIBERTY AV,INDR44000-00-01,04/13/2020,01:00:00,0005548987
LIBERTY AV,INDR44000-00-01,04/13/2020,05:00:00,0005548990
LIBERTY AV,INDR44000-00-01,04/13/2020,09:00:00,0005549017
LIBERTY AV,INDR44000-00-01,04/13/2020,13:00:00,0005549028
LIBERTY AV,INDR44000-00-01,04/13/2020,17:00:00,0005549045
LIBERTY AV,INDR44000-00-01,04/13/2020,21:00:00,0005549065
LIBERTY AV,INDR44000-00-01,04/14/2020,01:00:00,0005549072
LIBERTY AV,INDR44000-00-01,04/14/2020,05:00:00,0005549074
LIBERTY AV,INDR44000-00-01,04/14/2020,09:00:00,0005549091
LIBERTY AV,INDR44000-00-01,04/14/2020,13:00:00,0005549110
LIBERTY AV,INDR44000-00-01,04/14/2020,17:00:00,0005549148
LIBERTY AV,INDR44000-00-01,04/14/2020,21:00:00,0005549167
LIBERTY AV,INDR44000-00-01,04/15/2020,01:00:00,0005549174
LIBERTY AV,INDR44000-00-01,04/15/2020,05:00:00,0005549176
LIBERTY AV,INDR44000-00-01,04/15/2020,09:00:00,0005549196
LIBERTY AV,INDR44000-00-01,04/15/2020,13:00:00,0005549209
LIBERTY AV,INDR44000-00-01,04/15/2020,17:00:00,0005549220
LIBERTY AV,INDR44000-00-01,04/15/2020,21:00:00,0005549228
LIBERTY AV,INDR44000-00-01,04/16/2020,01:00:00,0005549238
LIBERTY AV,INDR44000-00-01,04/16/2020,05:00:00,0005549239
LIBERTY AV,INDR44000-00-01,04/16/2020,09:00:00,0005549259
LIBERTY AV,INDR44000-00-01,04/16/2020,13:00:00,0005549275
LIBERTY AV,INDR44000-00-01,04/16/2020,17:00:00,0005549304
LIBERTY AV,INDR44000-00-01,04/16/2020,21:00:00,0005549321
LIBERTY AV,INDR44000-00-01,04/17/2020,01:00:00,0005549326
LIBERTY AV,INDR44000-00-01,04/17/2020,05:00:00,0005549328
LIBERTY AV,INDR44000-00-01,04/17/2020,09:00:00,0005549353
LIBERTY AV,INDR44000-00-01,04/17/2020,13:00:00,0005549370
LIBERTY AV,INDR44000-00-01,04/17/2020,17:00:00,0005549406
LIBERTY AV,INDR44000-00-01,04/17/2020,21:00:00,0005549422
LIBERTY AV,INDR44000-00-02,04/11/2020,01:00:00,0007193191
LIBERTY AV,INDR44000-00-02,04/11/2020,05:00:00,0007193196
LIBERTY AV,INDR44000-00-02,04/11/2020,09:00:00,0007193232
LIBERTY AV,INDR44000-00-02,04/11/2020,13:00:00,0007193265
LIBERTY AV,INDR44000-00-02,04/11/2020,17:00:00,0007193303
LIBERTY AV,INDR44000-00-02,04/11/2020,21:00:00,0007193320
LIBERTY AV,INDR44000-00-02,04/12/2020,01:00:00,0007193334
LIBERTY AV,INDR44000-00-02,04/12/2020,05:00:00,0007193340
LIBERTY AV,INDR44000-00-02,04/12/2020,09:00:00,0007193372
LIBERTY AV,INDR44000-00-02,04/12/2020,13:00:00,0007193396
LIBERTY AV,INDR44000-00-02,04/12/2020,17:00:00,0007193426
LIBERTY AV,INDR44000-00-02,04/12/2020,21:00:00,0007193449
LIBERTY AV,INDR44000-00-02,04/13/2020,01:00:00,0007193468
LIBERTY AV,INDR44000-00-02,04/13/2020,05:00:00,0007193476
LIBERTY AV,INDR44000-00-02,04/13/2020,09:00:00,0007193546
LIBERTY AV,INDR44000-00-02,04/13/2020,13:00:00,0007193582
LIBERTY AV,INDR44000-00-02,04/13/2020,17:00:00,0007193631
LIBERTY AV,INDR44000-00-02,04/13/2020,21:00:00,0007193666
LIBERTY AV,INDR44000-00-02,04/14/2020,01:00:00,0007193680
LIBERTY AV,INDR44000-00-02,04/14/2020,05:00:00,0007193687
LIBERTY AV,INDR44000-00-02,04/14/2020,09:00:00,0007193772
LIBERTY AV,INDR44000-00-02,04/14/2020,13:00:00,0007193823
LIBERTY AV,INDR44000-00-02,04/14/2020,17:00:00,0007193879
LIBERTY AV,INDR44000-00-02,04/14/2020,21:00:00,0007193928
LIBERTY AV,INDR44000-00-02,04/15/2020,01:00:00,0007193945
LIBERTY AV,INDR44000-00-02,04/15/2020,05:00:00,0007193950
LIBERTY AV,INDR44000-00-02,04/15/2020,09:00:00,0007194022
LIBERTY AV,INDR44000-00-02,04/15/2020,13:00:00,0007194069
LIBERTY AV,INDR44000-00-02,04/15/2020,17:00:00,0007194130
LIBERTY AV,INDR44000-00-02,04/15/2020,21:00:00,0007194167
LIBERTY AV,INDR44000-00-02,04/16/2020,01:00:00,0007194187
LIBERTY AV,INDR44000-00-02,04/16/2020,05:00:00,0007194198
LIBERTY AV,INDR44000-00-02,04/16/2020,09:00:00,0007194274
LIBERTY AV,INDR44000-00-02,04/16/2020,13:00:00,0007194318
LIBERTY AV,INDR44000-00-02,04/16/2020,17:00:00,0007194386
LIBERTY AV,INDR44000-00-02,04/16/2020,21:00:00,0007194424
LIBERTY AV,INDR44000-00-02,04/17/2020,01:00:00,0007194442
LIBERTY AV,INDR44000-00-02,04/17/2020,05:00:00,0007194450
LIBERTY AV,INDR44000-00-02,04/17/2020,09:00:00,0007194515
LIBERTY AV,INDR44000-00-02,04/17/2020,13:00:00,0007194566
LIBERTY AV,INDR44000-00-02,04/17/2020,17:00:00,0007194645
LIBERTY AV,INDR44000-00-02,04/17/2020,21:00:00,0007194681
LIBERTY AV,INDR44000-00-00,04/18/2020,01:00:00,0000008555
LIBERTY AV,INDR44000-00-00,04/18/2020,05:00:00,0000008559
LIBERTY AV,INDR44000-00-00,04/18/2020,09:00:00,0000008569
LIBERTY AV,INDR44000-00-00,04/18/2020,13:00:00,0000008576
LIBERTY AV,INDR44000-00-00,04/18/2020,17:00:00,0000008590
LIBERTY AV,INDR44000-00-00,04/18/2020,21:00:00,0000008601
LIBERTY AV,INDR44000-00-00,04/19/2020,01:00:00,0000008605
LIBERTY AV,INDR44000-00-00,04/19/2020,05:00:00,0000008607
LIBERTY AV,INDR44000-00-00,04/19/2020,09:00:00,0000008621
LIBERTY AV,INDR44000-00-00,04/19/2020,13:00:00,0000008627
LIBERTY AV,INDR44000-00-00,04/19/2020,17:00:00,0000008650
LIBERTY AV,INDR44000-00-00,04/19/2020,21:00:00,0000008659
LIBERTY AV,INDR44000-00-00,04/20/2020,01:00:00,0000008662
LIBERTY AV,INDR44000-00-00,04/20/2020,05:00:00,0000008666
LIBERTY AV,INDR44000-00-00,04/20/2020,09:00:00,0000008696
LIBERTY AV,INDR44000-00-00,04/20/2020,13:00:00,0000008719
LIBERTY AV,INDR44000-00-00,04/20/2020,17:00:00,0000008752
LIBERTY AV,INDR44000-00-00,04/20/2020,21:00:00,0000008778
LIBERTY AV,INDR44000-00-00,04/21/2020,01:00:00,0000008781
LIBERTY AV,INDR44000-00-00,04/21/2020,05:00:00,0000008785
LIBERTY AV,INDR44000-00-00,04/21/2020,09:00:00,0000008810
LIBERTY AV,INDR44000-00-00,04/21/2020,13:00:00,0000008824
LIBERTY AV,INDR44000-00-00,04/21/2020,17:00:00,0000008854
LIBERTY AV,INDR44000-00-00,04/21/2020,21:00:00,0000008882
LIBERTY AV,INDR44000-00-00,04/22/2020,01:00:00,0000008884
LIBERTY AV,INDR44000-00-00,04/22/2020,05:00:00,0000008888
LIBERTY AV,INDR44000-00-00,04/22/2020,09:00:00,0000008919
LIBERTY AV,INDR44000-00-00,04/22/2020,13:00:00,0000008936
LIBERTY AV,INDR44000-00-00,04/22/2020,17:00:00,0000008964
LIBERTY AV,INDR44000-00-00,04/22/2020,21:00:00,0000008990
LIBERTY AV,INDR44000-00-00,04/23/2020,01:00:00,0000008996
LIBERTY AV,INDR44000-00-00,04/23/2020,05:00:00,0000009001
LIBERTY AV,INDR44000-00-00,04/23/2020,09:00:00,0000009027
LIBERTY AV,INDR44000-00-00,04/23/2020,13:00:00,0000009047
LIBERTY AV,INDR44000-00-00,04/23/2020,17:00:00,0000009088
LIBERTY AV,INDR44000-00-00,04/23/2020,21:00:00,0000009107
LIBERTY AV,INDR44000-00-00,04/24/2020,01:00:00,0000009116
LIBERTY AV,INDR44000-00-00,04/24/2020,05:00:00,0000009120
LIBERTY AV,INDR44000-00-00,04/24/2020,09:00:00,0000009147
LIBERTY AV,INDR44000-00-00,04/24/2020,13:00:00,0000009173
LIBERTY AV,INDR44000-00-00,04/24/2020,17:00:00,0000009210
LIBERTY AV,INDR44000-00-00,04/24/2020,21:00:00,0000009225
LIBERTY AV,INDR44000-00-01,04/18/2020,01:00:00,0005549432
LIBERTY AV,INDR44000-00-01,04/18/2020,05:00:00,0005549434
LIBERTY AV,INDR44000-00-01,04/18/2020,09:00:00,0005549448
LIBERTY AV,INDR44000-00-01,04/18/2020,13:00:00,0005549458
LIBERTY AV,INDR44000-00-01,04/18/2020,17:00:00,0005549472
LIBERTY AV,INDR44000-00-01,04/18/2020,21:00:00,0005549476
LIBERTY AV,INDR44000-00-01,04/19/2020,01:00:00,0005549480
LIBERTY AV,INDR44000-00-01,04/19/2020,05:00:00,0005549482
LIBERTY AV,INDR44000-00-01,04/19/2020,09:00:00,0005549495
LIBERTY AV,INDR44000-00-01,04/19/2020,13:00:00,0005549504
LIBERTY AV,INDR44000-00-01,04/19/2020,17:00:00,0005549517
LIBERTY AV,INDR44000-00-01,04/19/2020,21:00:00,0005549527
LIBERTY AV,INDR44000-00-01,04/20/2020,01:00:00,0005549533
LIBERTY AV,INDR44000-00-01,04/20/2020,05:00:00,0005549535
LIBERTY AV,INDR44000-00-01,04/20/2020,09:00:00,0005549565
LIBERTY AV,INDR44000-00-01,04/20/2020,13:00:00,0005549581
LIBERTY AV,INDR44000-00-01,04/20/2020,17:00:00,0005549606
LIBERTY AV,INDR44000-00-01,04/20/2020,21:00:00,0005549624
LIBERTY AV,INDR44000-00-01,04/21/2020,01:00:00,0005549629
LIBERTY AV,INDR44000-00-01,04/21/2020,05:00:00,0005549633
LIBERTY AV,INDR44000-00-01,04/21/2020,09:00:00,0005549667
LIBERTY AV,INDR44000-00-01,04/21/2020,13:00:00,0005549679
LIBERTY AV,INDR44000-00-01,04/21/2020,17:00:00,0005549699
LIBERTY AV,INDR44000-00-01,04/21/2020,21:00:00,0005549719
LIBERTY AV,INDR44000-00-01,04/22/2020,01:00:00,0005549727
LIBERTY AV,INDR44000-00-01,04/22/2020,05:00:00,0005549728
LIBERTY AV,INDR44000-00-01,04/22/2020,09:00:00,0005549746
LIBERTY AV,INDR44000-00-01,04/22/2020,13:00:00,0005549765
LIBERTY AV,INDR44000-00-01,04/22/2020,17:00:00,0005549784
LIBERTY AV,INDR44000-00-01,04/22/2020,21:00:00,0005549800
LIBERTY AV,INDR44000-00-01,04/23/2020,01:00:00,0005549803
LIBERTY AV,INDR44000-00-01,04/23/2020,05:00:00,0005549809
LIBERTY AV,INDR44000-00-01,04/23/2020,09:00:00,0005549837
LIBERTY AV,INDR44000-00-01,04/23/2020,13:00:00,0005549862
LIBERTY AV,INDR44000-00-01,04/23/2020,17:00:00,0005549887
LIBERTY AV,INDR44000-00-01,04/23/2020,21:00:00,0005549899
LIBERTY AV,INDR44000-00-01,04/24/2020,01:00:00,0005549906
LIBERTY AV,INDR44000-00-01,04/24/2020,05:00:00,0005549910
LIBERTY AV,INDR44000-00-01,04/24/2020,09:00:00,0005549934
LIBERTY AV,INDR44000-00-01,04/24/2020,13:00:00,0005549958
LIBERTY AV,INDR44000-00-01,04/24/2020,17:00:00,0005549990
LIBERTY AV,INDR44000-00-01,04/24/2020,21:00:00,0005550002
LIBERTY AV,INDR44000-00-02,04/18/2020,01:00:00,0007194694
LIBERTY AV,INDR44000-00-02,04/18/2020,05:00:00,0007194698
LIBERTY AV,INDR44000-00-02,04/18/2020,09:00:00,0007194749
LIBERTY AV,INDR44000-00-02,04/18/2020,13:00:00,0007194777
LIBERTY AV,INDR44000-00-02,04/18/2020,17:00:00,0007194816
LIBERTY AV,INDR44000-00-02,04/18/2020,21:00:00,0007194830
LIBERTY AV,INDR44000-00-02,04/19/2020,01:00:00,0007194842
LIBERTY AV,INDR44000-00-02,04/19/2020,05:00:00,0007194844
LIBERTY AV,INDR44000-00-02,04/19/2020,09:00:00,0007194878
LIBERTY AV,INDR44000-00-02,04/19/2020,13:00:00,0007194907
LIBERTY AV,INDR44000-00-02,04/19/2020,17:00:00,0007194947
LIBERTY AV,INDR44000-00-02,04/19/2020,21:00:00,0007194972
LIBERTY AV,INDR44000-00-02,04/20/2020,01:00:00,0007194990
LIBERTY AV,INDR44000-00-02,04/20/2020,05:00:00,0007194996
LIBERTY AV,INDR44000-00-02,04/20/2020,09:00:00,0007195077
LIBERTY AV,INDR44000-00-02,04/20/2020,13:00:00,0007195122
LIBERTY AV,INDR44000-00-02,04/20/2020,17:00:00,0007195173
LIBERTY AV,INDR44000-00-02,04/20/2020,21:00:00,0007195214
LIBERTY AV,INDR44000-00-02,04/21/2020,01:00:00,0007195235
LIBERTY AV,INDR44000-00-02,04/21/2020,05:00:00,0007195241
LIBERTY AV,INDR44000-00-02,04/21/2020,09:00:00,0007195316
LIBERTY AV,INDR44000-00-02,04/21/2020,13:00:00,0007195353
LIBERTY AV,INDR44000-00-02,04/21/2020,17:00:00,0007195411
LIBERTY AV,INDR44000-00-02,04/21/2020,21:00:00,0007195445
LIBERTY AV,INDR44000-00-02,04/22/2020,01:00:00,0007195458
LIBERTY AV,INDR44000-00-02,04/22/2020,05:00:00,0007195468
LIBERTY AV,INDR44000-00-02,04/22/2020,09:00:00,0007195557
LIBERTY AV,INDR44000-00-02,04/22/2020,13:00:00,0007195603
LIBERTY AV,INDR44000-00-02,04/22/2020,17:00:00,0007195671
LIBERTY AV,INDR44000-00-02,04/22/2020,21:00:00,0007195714
LIBERTY AV,INDR44000-00-02,04/23/2020,01:00:00,0007195735
LIBERTY AV,INDR44000-00-02,04/23/2020,05:00:00,0007195744
LIBERTY AV,INDR44000-00-02,04/23/2020,09:00:00,0007195832
LIBERTY AV,INDR44000-00-02,04/23/2020,13:00:00,0007195874
LIBERTY AV,INDR44000-00-02,04/23/2020,17:00:00,0007195938
LIBERTY AV,INDR44000-00-02,04/23/2020,21:00:00,0007195987
LIBERTY AV,INDR44000-00-02,04/24/2020,01:00:00,0007196003
LIBERTY AV,INDR44000-00-02,04/24/2020,05:00:00,0007196007
LIBERTY AV,INDR44000-00-02,04/24/2020,09:00:00,0007196074
LIBERTY AV,INDR44000-00-02,04/24/2020,13:00:00,0007196112
LIBERTY AV,INDR44000-00-02,04/24/2020,17:00:00,0007196171
LIBERTY AV,INDR44000-00-02,04/24/2020,21:00:00,0007196200
