VAN SICLEN AVE,INDR44100-00-00,02/01/2020,00:00:00,0006759342
VAN SICLEN AVE,INDR44100-00-00,02/01/2020,04:00:00,0006759356
VAN SICLEN AVE,INDR44100-00-00,02/01/2020,08:00:00,0006759471
VAN SICLEN AVE,INDR44100-00-00,02/01/2020,12:00:00,0006759680
VAN SICLEN AVE,INDR44100-00-00,02/01/2020,16:00:00,0006759879
VAN SICLEN AVE,INDR44100-00-00,02/01/2020,20:00:00,0006759992
VAN SICLEN AVE,INDR44100-00-00,02/02/2020,00:00:00,0006760054
VAN SICLEN AVE,INDR44100-00-00,02/02/2020,04:00:00,0006760065
VAN SICLEN AVE,INDR44100-00-00,02/02/2020,08:00:00,0006760144
VAN SICLEN AVE,INDR44100-00-00,02/02/2020,12:00:00,0006760297
VAN SICLEN AVE,INDR44100-00-00,02/02/2020,16:00:00,0006760442
VAN SICLEN AVE,INDR44100-00-00,02/02/2020,20:00:00,0006760528
VAN SICLEN AVE,INDR44100-00-00,02/03/2020,00:00:00,0006760575
VAN SICLEN AVE,INDR44100-00-00,02/03/2020,04:00:00,0006760590
VAN SICLEN AVE,INDR44100-00-00,02/03/2020,08:00:00,0006760965
VAN SICLEN AVE,INDR44100-00-00,02/03/2020,12:00:00,0006761300
VAN SICLEN AVE,INDR44100-00-00,02/03/2020,16:00:00,0006761529
VAN SICLEN AVE,INDR44100-00-00,02/03/2020,20:00:00,0006761689
VAN SICLEN AVE,INDR44100-00-00,02/04/2020,00:00:00,0006761748
VAN SICLEN AVE,INDR44100-00-00,02/04/2020,04:00:00,0006761760
VAN SICLEN AVE,INDR44100-00-00,02/04/2020,08:00:00,0006762157
VAN SICLEN AVE,INDR44100-00-00,02/04/2020,12:00:00,0006762540
VAN SICLEN AVE,INDR44100-00-00,02/04/2020,16:00:00,0006762736
VAN SICLEN AVE,INDR44100-00-00,02/04/2020,20:00:00,0006762905
VAN SICLEN AVE,INDR44100-00-00,02/05/2020,00:00:00,0006762963
VAN SICLEN AVE,INDR44100-00-00,02/05/2020,04:00:00,0006762981
VAN SICLEN AVE,INDR44100-00-00,02/05/2020,08:00:00,0006763403
VAN SICLEN AVE,INDR44100-00-00,02/05/2020,12:00:00,0006763743
VAN SICLEN AVE,INDR44100-00-00,02/05/2020,16:00:00,0006763955
VAN SICLEN AVE,INDR44100-00-00,02/05/2020,20:00:00,0006764124
VAN SICLEN AVE,INDR44100-00-00,02/06/2020,00:00:00,0006764187
VAN SICLEN AVE,INDR44100-00-00,02/06/2020,04:00:00,0006764199
VAN SICLEN AVE,INDR44100-00-00,02/06/2020,08:00:00,0006764603
VAN SICLEN AVE,INDR44100-00-00,02/06/2020,12:00:00,0006764974
VAN SICLEN AVE,INDR44100-00-00,02/06/2020,16:00:00,0006765192
VAN SICLEN AVE,INDR44100-00-00,02/06/2020,20:00:00,0006765356
VAN SICLEN AVE,INDR44100-00-00,02/07/2020,00:00:00,0006765397
VAN SICLEN AVE,INDR44100-00-00,02/07/2020,04:00:00,0006765419
VAN SICLEN AVE,INDR44100-00-00,02/07/2020,08:00:00,0006765822
VAN SICLEN AVE,INDR44100-00-00,02/07/2020,12:00:00,0006766175
VAN SICLEN AVE,INDR44100-00-00,02/07/2020,20:00:00,0006766573
VAN SICLEN AVE,INDR44100-00-01,02/01/2020,00:00:00,0000561487
VAN SICLEN AVE,INDR44100-00-01,02/01/2020,04:00:00,0000561496
VAN SICLEN AVE,INDR44100-00-01,02/01/2020,08:00:00,0000561564
VAN SICLEN AVE,INDR44100-00-01,02/01/2020,12:00:00,0000561670
VAN SICLEN AVE,INDR44100-00-01,02/01/2020,16:00:00,0000561769
VAN SICLEN AVE,INDR44100-00-01,02/01/2020,20:00:00,0000561824
VAN SICLEN AVE,INDR44100-00-01,02/02/2020,00:00:00,0000561864
VAN SICLEN AVE,INDR44100-00-01,02/02/2020,04:00:00,0000561873
VAN SICLEN AVE,INDR44100-00-01,02/02/2020,08:00:00,0000561910
VAN SICLEN AVE,INDR44100-00-01,02/02/2020,12:00:00,0000561982
VAN SICLEN AVE,INDR44100-00-01,02/02/2020,16:00:00,0000562062
VAN SICLEN AVE,INDR44100-00-01,02/02/2020,20:00:00,0000562121
VAN SICLEN AVE,INDR44100-00-01,02/03/2020,00:00:00,0000562158
VAN SICLEN AVE,INDR44100-00-01,02/03/2020,04:00:00,0000562171
VAN SICLEN AVE,INDR44100-00-01,02/03/2020,08:00:00,0000562412
VAN SICLEN AVE,INDR44100-00-01,02/03/2020,12:00:00,0000562614
VAN SICLEN AVE,INDR44100-00-01,02/03/2020,16:00:00,0000562727
VAN SICLEN AVE,INDR44100-00-01,02/03/2020,20:00:00,0000562821
VAN SICLEN AVE,INDR44100-00-01,02/04/2020,00:00:00,0000562844
VAN SICLEN AVE,INDR44100-00-01,02/04/2020,04:00:00,0000562851
VAN SICLEN AVE,INDR44100-00-01,02/04/2020,08:00:00,0000563111
VAN SICLEN AVE,INDR44100-00-01,02/04/2020,12:00:00,0000563318
VAN SICLEN AVE,INDR44100-00-01,02/04/2020,16:00:00,0000563451
VAN SICLEN AVE,INDR44100-00-01,02/04/2020,20:00:00,0000563552
VAN SICLEN AVE,INDR44100-00-01,02/05/2020,00:00:00,0000563580
VAN SICLEN AVE,INDR44100-00-01,02/05/2020,04:00:00,0000563592
VAN SICLEN AVE,INDR44100-00-01,02/05/2020,08:00:00,0000563847
VAN SICLEN AVE,INDR44100-00-01,02/05/2020,12:00:00,0000564057
VAN SICLEN AVE,INDR44100-00-01,02/05/2020,16:00:00,0000564191
VAN SICLEN AVE,INDR44100-00-01,02/05/2020,20:00:00,0000564314
VAN SICLEN AVE,INDR44100-00-01,02/06/2020,00:00:00,0000564344
VAN SICLEN AVE,INDR44100-00-01,02/06/2020,04:00:00,0000564353
VAN SICLEN AVE,INDR44100-00-01,02/06/2020,08:00:00,0000564600
VAN SICLEN AVE,INDR44100-00-01,02/06/2020,12:00:00,0000564815
VAN SICLEN AVE,INDR44100-00-01,02/06/2020,16:00:00,0000564945
VAN SICLEN AVE,INDR44100-00-01,02/06/2020,20:00:00,0000565027
VAN SICLEN AVE,INDR44100-00-01,02/07/2020,00:00:00,0000565068
VAN SICLEN AVE,INDR44100-00-01,02/07/2020,04:00:00,0000565077
VAN SICLEN AVE,INDR44100-00-01,02/07/2020,08:00:00,0000565327
VAN SICLEN AVE,INDR44100-00-01,02/07/2020,12:00:00,0000565527
VAN SICLEN AVE,INDR44100-00-01,02/07/2020,20:00:00,0000565776
VAN SICLEN AVE,INDR44100-00-02,02/01/2020,00:00:00,0006801322
VAN SICLEN AVE,INDR44100-00-02,02/01/2020,04:00:00,0006801340
VAN SICLEN AVE,INDR44100-00-02,02/01/2020,08:00:00,0006801459
VAN SICLEN AVE,INDR44100-00-02,02/01/2020,12:00:00,0006801636
VAN SICLEN AVE,INDR44100-00-02,02/01/2020,16:00:00,0006801801
VAN SICLEN AVE,INDR44100-00-02,02/01/2020,20:00:00,0006801893
VAN SICLEN AVE,INDR44100-00-02,02/02/2020,00:00:00,0006801958
VAN SICLEN AVE,INDR44100-00-02,02/02/2020,04:00:00,0006801977
VAN SICLEN AVE,INDR44100-00-02,02/02/2020,08:00:00,0006802055
VAN SICLEN AVE,INDR44100-00-02,02/02/2020,12:00:00,0006802191
VAN SICLEN AVE,INDR44100-00-02,02/02/2020,16:00:00,0006802325
VAN SICLEN AVE,INDR44100-00-02,02/02/2020,20:00:00,0006802397
VAN SICLEN AVE,INDR44100-00-02,02/03/2020,00:00:00,0006802448
VAN SICLEN AVE,INDR44100-00-02,02/03/2020,04:00:00,0006802466
VAN SICLEN AVE,INDR44100-00-02,02/03/2020,08:00:00,0006802811
VAN SICLEN AVE,INDR44100-00-02,02/03/2020,12:00:00,0006803083
VAN SICLEN AVE,INDR44100-00-02,02/03/2020,16:00:00,0006803294
VAN SICLEN AVE,INDR44100-00-02,02/03/2020,20:00:00,0006803472
VAN SICLEN AVE,INDR44100-00-02,02/04/2020,00:00:00,0006803524
VAN SICLEN AVE,INDR44100-00-02,02/04/2020,04:00:00,0006803539
VAN SICLEN AVE,INDR44100-00-02,02/04/2020,08:00:00,0006803866
VAN SICLEN AVE,INDR44100-00-02,02/04/2020,12:00:00,0006804209
VAN SICLEN AVE,INDR44100-00-02,02/04/2020,16:00:00,0006804425
VAN SICLEN AVE,INDR44100-00-02,02/04/2020,20:00:00,0006804584
VAN SICLEN AVE,INDR44100-00-02,02/05/2020,00:00:00,0006804646
VAN SICLEN AVE,INDR44100-00-02,02/05/2020,04:00:00,0006804661
VAN SICLEN AVE,INDR44100-00-02,02/05/2020,08:00:00,0006805017
VAN SICLEN AVE,INDR44100-00-02,02/05/2020,12:00:00,0006805373
VAN SICLEN AVE,INDR44100-00-02,02/05/2020,16:00:00,0006805577
VAN SICLEN AVE,INDR44100-00-02,02/05/2020,20:00:00,0006805739
VAN SICLEN AVE,INDR44100-00-02,02/06/2020,00:00:00,0006805792
VAN SICLEN AVE,INDR44100-00-02,02/06/2020,04:00:00,0006805817
VAN SICLEN AVE,INDR44100-00-02,02/06/2020,08:00:00,0006806192
VAN SICLEN AVE,INDR44100-00-02,02/06/2020,12:00:00,0006806522
VAN SICLEN AVE,INDR44100-00-02,02/06/2020,16:00:00,0006806742
VAN SICLEN AVE,INDR44100-00-02,02/06/2020,20:00:00,0006806921
VAN SICLEN AVE,INDR44100-00-02,02/07/2020,00:00:00,0006806979
VAN SICLEN AVE,INDR44100-00-02,02/07/2020,04:00:00,0006806995
VAN SICLEN AVE,INDR44100-00-02,02/07/2020,08:00:00,0006807340
VAN SICLEN AVE,INDR44100-00-02,02/07/2020,12:00:00,0006807654
VAN SICLEN AVE,INDR44100-00-02,02/07/2020,20:00:00,0006808033
VAN SICLEN AVE,INDR44100-00-00,02/08/2020,00:00:00,0006766648
VAN SICLEN AVE,INDR44100-00-00,02/08/2020,04:00:00,0006766664
VAN SICLEN AVE,INDR44100-00-00,02/08/2020,08:00:00,0006766771
VAN SICLEN AVE,INDR44100-00-00,02/08/2020,12:00:00,0006766968
VAN SICLEN AVE,INDR44100-00-00,02/08/2020,16:00:00,0006767165
VAN SICLEN AVE,INDR44100-00-00,02/08/2020,20:00:00,0006767288
VAN SICLEN AVE,INDR44100-00-00,02/09/2020,00:00:00,0006767351
VAN SICLEN AVE,INDR44100-00-00,02/09/2020,04:00:00,0006767363
VAN SICLEN AVE,INDR44100-00-00,02/09/2020,08:00:00,0006767432
VAN SICLEN AVE,INDR44100-00-00,02/09/2020,12:00:00,0006767584
VAN SICLEN AVE,INDR44100-00-00,02/09/2020,16:00:00,0006767720
VAN SICLEN AVE,INDR44100-00-00,02/09/2020,20:00:00,0006767811
VAN SICLEN AVE,INDR44100-00-00,02/10/2020,00:00:00,0006767856
VAN SICLEN AVE,INDR44100-00-00,02/10/2020,04:00:00,0006767876
VAN SICLEN AVE,INDR44100-00-00,02/10/2020,05:06:58,0006767886
VAN SICLEN AVE,INDR44100-00-00,02/10/2020,05:08:23,0006767886
VAN SICLEN AVE,INDR44100-00-00,02/10/2020,05:09:43,0006767887
VAN SICLEN AVE,INDR44100-00-00,02/10/2020,08:00:00,0006768261
VAN SICLEN AVE,INDR44100-00-00,02/10/2020,12:00:00,0006768583
VAN SICLEN AVE,INDR44100-00-00,02/10/2020,16:00:00,0006768771
VAN SICLEN AVE,INDR44100-00-00,02/10/2020,20:00:00,0006768930
VAN SICLEN AVE,INDR44100-00-00,02/11/2020,00:00:00,0006768990
VAN SICLEN AVE,INDR44100-00-00,02/11/2020,04:00:00,0006769007
VAN SICLEN AVE,INDR44100-00-00,02/11/2020,08:00:00,0006769429
VAN SICLEN AVE,INDR44100-00-00,02/11/2020,12:00:00,0006769809
VAN SICLEN AVE,INDR44100-00-00,02/11/2020,16:00:00,0006770005
VAN SICLEN AVE,INDR44100-00-00,02/11/2020,20:00:00,0006770159
VAN SICLEN AVE,INDR44100-00-00,02/12/2020,00:00:00,0006770208
VAN SICLEN AVE,INDR44100-00-00,02/12/2020,04:00:00,0006770222
VAN SICLEN AVE,INDR44100-00-00,02/12/2020,08:00:00,0006770617
VAN SICLEN AVE,INDR44100-00-00,02/12/2020,12:00:00,0006770978
VAN SICLEN AVE,INDR44100-00-00,02/12/2020,16:00:00,0006771190
VAN SICLEN AVE,INDR44100-00-00,02/12/2020,20:00:00,0006771378
VAN SICLEN AVE,INDR44100-00-00,02/13/2020,00:00:00,0006771431
VAN SICLEN AVE,INDR44100-00-00,02/13/2020,04:00:00,0006771445
VAN SICLEN AVE,INDR44100-00-00,02/13/2020,08:00:00,0006771865
VAN SICLEN AVE,INDR44100-00-00,02/13/2020,12:00:00,0006772231
VAN SICLEN AVE,INDR44100-00-00,02/13/2020,16:00:00,0006772452
VAN SICLEN AVE,INDR44100-00-00,02/13/2020,20:00:00,0006772622
VAN SICLEN AVE,INDR44100-00-00,02/14/2020,00:00:00,0006772684
VAN SICLEN AVE,INDR44100-00-00,02/14/2020,04:00:00,0006772699
VAN SICLEN AVE,INDR44100-00-00,02/14/2020,08:00:00,0006773048
VAN SICLEN AVE,INDR44100-00-00,02/14/2020,12:00:00,0006773412
VAN SICLEN AVE,INDR44100-00-00,02/14/2020,16:00:00,0006773657
VAN SICLEN AVE,INDR44100-00-00,02/14/2020,20:00:00,0006773812
VAN SICLEN AVE,INDR44100-00-01,02/08/2020,00:00:00,0000565819
VAN SICLEN AVE,INDR44100-00-01,02/08/2020,04:00:00,0000565827
VAN SICLEN AVE,INDR44100-00-01,02/08/2020,08:00:00,0000565895
VAN SICLEN AVE,INDR44100-00-01,02/08/2020,12:00:00,0000566012
VAN SICLEN AVE,INDR44100-00-01,02/08/2020,16:00:00,0000566119
VAN SICLEN AVE,INDR44100-00-01,02/08/2020,20:00:00,0000566183
VAN SICLEN AVE,INDR44100-00-01,02/09/2020,00:00:00,0000566213
VAN SICLEN AVE,INDR44100-00-01,02/09/2020,04:00:00,0000566216
VAN SICLEN AVE,INDR44100-00-01,02/09/2020,08:00:00,0000566256
VAN SICLEN AVE,INDR44100-00-01,02/09/2020,12:00:00,0000566338
VAN SICLEN AVE,INDR44100-00-01,02/09/2020,16:00:00,0000566411
VAN SICLEN AVE,INDR44100-00-01,02/09/2020,20:00:00,0000566456
VAN SICLEN AVE,INDR44100-00-01,02/10/2020,00:00:00,0000566478
VAN SICLEN AVE,INDR44100-00-01,02/10/2020,04:00:00,0000566483
VAN SICLEN AVE,INDR44100-00-01,02/10/2020,05:06:58,0000566491
VAN SICLEN AVE,INDR44100-00-01,02/10/2020,05:08:23,0000566491
VAN SICLEN AVE,INDR44100-00-01,02/10/2020,05:09:43,0000566491
VAN SICLEN AVE,INDR44100-00-01,02/10/2020,08:00:00,0000566738
VAN SICLEN AVE,INDR44100-00-01,02/10/2020,12:00:00,0000566943
VAN SICLEN AVE,INDR44100-00-01,02/10/2020,16:00:00,0000567071
VAN SICLEN AVE,INDR44100-00-01,02/10/2020,20:00:00,0000567166
VAN SICLEN AVE,INDR44100-00-01,02/11/2020,00:00:00,0000567189
VAN SICLEN AVE,INDR44100-00-01,02/11/2020,04:00:00,0000567200
VAN SICLEN AVE,INDR44100-00-01,02/11/2020,08:00:00,0000567473
VAN SICLEN AVE,INDR44100-00-01,02/11/2020,12:00:00,0000567708
VAN SICLEN AVE,INDR44100-00-01,02/11/2020,16:00:00,0000567835
VAN SICLEN AVE,INDR44100-00-01,02/11/2020,20:00:00,0000567922
VAN SICLEN AVE,INDR44100-00-01,02/12/2020,00:00:00,0000567941
VAN SICLEN AVE,INDR44100-00-01,02/12/2020,04:00:00,0000567948
VAN SICLEN AVE,INDR44100-00-01,02/12/2020,08:00:00,0000568217
VAN SICLEN AVE,INDR44100-00-01,02/12/2020,12:00:00,0000568400
VAN SICLEN AVE,INDR44100-00-01,02/12/2020,16:00:00,0000568543
VAN SICLEN AVE,INDR44100-00-01,02/12/2020,20:00:00,0000568632
VAN SICLEN AVE,INDR44100-00-01,02/13/2020,00:00:00,0000568657
VAN SICLEN AVE,INDR44100-00-01,02/13/2020,04:00:00,0000568663
VAN SICLEN AVE,INDR44100-00-01,02/13/2020,08:00:00,0000568918
VAN SICLEN AVE,INDR44100-00-01,02/13/2020,12:00:00,0000569116
VAN SICLEN AVE,INDR44100-00-01,02/13/2020,16:00:00,0000569218
VAN SICLEN AVE,INDR44100-00-01,02/13/2020,20:00:00,0000569312
VAN SICLEN AVE,INDR44100-00-01,02/14/2020,00:00:00,0000569343
VAN SICLEN AVE,INDR44100-00-01,02/14/2020,04:00:00,0000569349
VAN SICLEN AVE,INDR44100-00-01,02/14/2020,08:00:00,0000569572
VAN SICLEN AVE,INDR44100-00-01,02/14/2020,12:00:00,0000569754
VAN SICLEN AVE,INDR44100-00-01,02/14/2020,16:00:00,0000569887
VAN SICLEN AVE,INDR44100-00-01,02/14/2020,20:00:00,0000570020
VAN SICLEN AVE,INDR44100-00-02,02/08/2020,00:00:00,0006808110
VAN SICLEN AVE,INDR44100-00-02,02/08/2020,04:00:00,0006808129
VAN SICLEN AVE,INDR44100-00-02,02/08/2020,08:00:00,0006808240
VAN SICLEN AVE,INDR44100-00-02,02/08/2020,12:00:00,0006808424
VAN SICLEN AVE,INDR44100-00-02,02/08/2020,16:00:00,0006808617
VAN SICLEN AVE,INDR44100-00-02,02/08/2020,20:00:00,0006808737
VAN SICLEN AVE,INDR44100-00-02,02/09/2020,00:00:00,0006808807
VAN SICLEN AVE,INDR44100-00-02,02/09/2020,04:00:00,0006808823
VAN SICLEN AVE,INDR44100-00-02,02/09/2020,08:00:00,0006808895
VAN SICLEN AVE,INDR44100-00-02,02/09/2020,12:00:00,0006809034
VAN SICLEN AVE,INDR44100-00-02,02/09/2020,16:00:00,0006809150
VAN SICLEN AVE,INDR44100-00-02,02/09/2020,20:00:00,0006809232
VAN SICLEN AVE,INDR44100-00-02,02/10/2020,00:00:00,0006809273
VAN SICLEN AVE,INDR44100-00-02,02/10/2020,04:00:00,0006809288
VAN SICLEN AVE,INDR44100-00-02,02/10/2020,05:06:58,0006809304
VAN SICLEN AVE,INDR44100-00-02,02/10/2020,05:08:23,0006809305
VAN SICLEN AVE,INDR44100-00-02,02/10/2020,05:09:43,0006809306
VAN SICLEN AVE,INDR44100-00-02,02/10/2020,08:00:00,0006809642
VAN SICLEN AVE,INDR44100-00-02,02/10/2020,12:00:00,0006809952
VAN SICLEN AVE,INDR44100-00-02,02/10/2020,16:00:00,0006810143
VAN SICLEN AVE,INDR44100-00-02,02/10/2020,20:00:00,0006810291
VAN SICLEN AVE,INDR44100-00-02,02/11/2020,00:00:00,0006810349
VAN SICLEN AVE,INDR44100-00-02,02/11/2020,04:00:00,0006810373
VAN SICLEN AVE,INDR44100-00-02,02/11/2020,08:00:00,0006810761
VAN SICLEN AVE,INDR44100-00-02,02/11/2020,12:00:00,0006811117
VAN SICLEN AVE,INDR44100-00-02,02/11/2020,16:00:00,0006811323
VAN SICLEN AVE,INDR44100-00-02,02/11/2020,20:00:00,0006811505
VAN SICLEN AVE,INDR44100-00-02,02/12/2020,00:00:00,0006811577
VAN SICLEN AVE,INDR44100-00-02,02/12/2020,04:00:00,0006811601
VAN SICLEN AVE,INDR44100-00-02,02/12/2020,08:00:00,0006811971
VAN SICLEN AVE,INDR44100-00-02,02/12/2020,12:00:00,0006812326
VAN SICLEN AVE,INDR44100-00-02,02/12/2020,16:00:00,0006812566
VAN SICLEN AVE,INDR44100-00-02,02/12/2020,20:00:00,0006812746
VAN SICLEN AVE,INDR44100-00-02,02/13/2020,00:00:00,0006812811
VAN SICLEN AVE,INDR44100-00-02,02/13/2020,04:00:00,0006812828
VAN SICLEN AVE,INDR44100-00-02,02/13/2020,08:00:00,0006813172
VAN SICLEN AVE,INDR44100-00-02,02/13/2020,12:00:00,0006813512
VAN SICLEN AVE,INDR44100-00-02,02/13/2020,16:00:00,0006813739
VAN SICLEN AVE,INDR44100-00-02,02/13/2020,20:00:00,0006813898
VAN SICLEN AVE,INDR44100-00-02,02/14/2020,00:00:00,0006813970
VAN SICLEN AVE,INDR44100-00-02,02/14/2020,04:00:00,0006813984
VAN SICLEN AVE,INDR44100-00-02,02/14/2020,08:00:00,0006814312
VAN SICLEN AVE,INDR44100-00-02,02/14/2020,12:00:00,0006814641
VAN SICLEN AVE,INDR44100-00-02,02/14/2020,16:00:00,0006814847
VAN SICLEN AVE,INDR44100-00-02,02/14/2020,20:00:00,0006815035
VAN SICLEN AVE,INDR44100-00-00,02/15/2020,00:00:00,0006773885
VAN SICLEN AVE,INDR44100-00-00,02/15/2020,04:00:00,0006773904
VAN SICLEN AVE,INDR44100-00-00,02/15/2020,08:00:00,0006774010
VAN SICLEN AVE,INDR44100-00-00,02/15/2020,12:00:00,0006774175
VAN SICLEN AVE,INDR44100-00-00,02/15/2020,16:00:00,0006774361
VAN SICLEN AVE,INDR44100-00-00,02/15/2020,20:00:00,0006774477
VAN SICLEN AVE,INDR44100-00-00,02/16/2020,00:00:00,0006774552
VAN SICLEN AVE,INDR44100-00-00,02/16/2020,04:00:00,0006774581
VAN SICLEN AVE,INDR44100-00-00,02/16/2020,08:00:00,0006774646
VAN SICLEN AVE,INDR44100-00-00,02/16/2020,12:00:00,0006774784
VAN SICLEN AVE,INDR44100-00-00,02/16/2020,16:00:00,0006774939
VAN SICLEN AVE,INDR44100-00-00,02/16/2020,20:00:00,0006775020
VAN SICLEN AVE,INDR44100-00-00,02/17/2020,00:00:00,0006775063
VAN SICLEN AVE,INDR44100-00-00,02/17/2020,04:00:00,0006775072
VAN SICLEN AVE,INDR44100-00-00,02/17/2020,08:00:00,0006775244
VAN SICLEN AVE,INDR44100-00-00,02/17/2020,12:00:00,0006775446
VAN SICLEN AVE,INDR44100-00-00,02/17/2020,16:00:00,0006775622
VAN SICLEN AVE,INDR44100-00-00,02/17/2020,20:00:00,0006775751
VAN SICLEN AVE,INDR44100-00-00,02/18/2020,00:00:00,0006775808
VAN SICLEN AVE,INDR44100-00-00,02/18/2020,04:00:00,0006775825
VAN SICLEN AVE,INDR44100-00-00,02/18/2020,08:00:00,0006776149
VAN SICLEN AVE,INDR44100-00-00,02/18/2020,12:00:00,0006776468
VAN SICLEN AVE,INDR44100-00-00,02/18/2020,16:00:00,0006776674
VAN SICLEN AVE,INDR44100-00-00,02/18/2020,20:00:00,0006776803
VAN SICLEN AVE,INDR44100-00-00,02/19/2020,00:00:00,0006776854
VAN SICLEN AVE,INDR44100-00-00,02/19/2020,04:00:00,0006776868
VAN SICLEN AVE,INDR44100-00-00,02/19/2020,08:00:00,0006777190
VAN SICLEN AVE,INDR44100-00-00,02/19/2020,12:00:00,0006777485
VAN SICLEN AVE,INDR44100-00-00,02/19/2020,16:00:00,0006777710
VAN SICLEN AVE,INDR44100-00-00,02/19/2020,20:00:00,0006777872
VAN SICLEN AVE,INDR44100-00-00,02/20/2020,00:00:00,0006777938
VAN SICLEN AVE,INDR44100-00-00,02/20/2020,04:00:00,0006777953
VAN SICLEN AVE,INDR44100-00-00,02/20/2020,08:00:00,0006778280
VAN SICLEN AVE,INDR44100-00-00,02/20/2020,12:00:00,0006778583
VAN SICLEN AVE,INDR44100-00-00,02/20/2020,16:00:00,0006778767
VAN SICLEN AVE,INDR44100-00-00,02/20/2020,20:00:00,0006778904
VAN SICLEN AVE,INDR44100-00-00,02/21/2020,00:00:00,0006778970
VAN SICLEN AVE,INDR44100-00-00,02/21/2020,04:00:00,0006778992
VAN SICLEN AVE,INDR44100-00-00,02/21/2020,08:00:00,0006779296
VAN SICLEN AVE,INDR44100-00-00,02/21/2020,12:00:00,0006779562
VAN SICLEN AVE,INDR44100-00-00,02/21/2020,16:00:00,0006779750
VAN SICLEN AVE,INDR44100-00-00,02/21/2020,20:00:00,0006779886
VAN SICLEN AVE,INDR44100-00-01,02/15/2020,00:00:00,0000570060
VAN SICLEN AVE,INDR44100-00-01,02/15/2020,04:00:00,0000570066
VAN SICLEN AVE,INDR44100-00-01,02/15/2020,08:00:00,0000570124
VAN SICLEN AVE,INDR44100-00-01,02/15/2020,12:00:00,0000570204
VAN SICLEN AVE,INDR44100-00-01,02/15/2020,16:00:00,0000570308
VAN SICLEN AVE,INDR44100-00-01,02/15/2020,20:00:00,0000570375
VAN SICLEN AVE,INDR44100-00-01,02/16/2020,00:00:00,0000570423
VAN SICLEN AVE,INDR44100-00-01,02/16/2020,04:00:00,0000570438
VAN SICLEN AVE,INDR44100-00-01,02/16/2020,08:00:00,0000570476
VAN SICLEN AVE,INDR44100-00-01,02/16/2020,12:00:00,0000570544
VAN SICLEN AVE,INDR44100-00-01,02/16/2020,16:00:00,0000570631
VAN SICLEN AVE,INDR44100-00-01,02/16/2020,20:00:00,0000570672
VAN SICLEN AVE,INDR44100-00-01,02/17/2020,00:00:00,0000570697
VAN SICLEN AVE,INDR44100-00-01,02/17/2020,04:00:00,0000570708
VAN SICLEN AVE,INDR44100-00-01,02/17/2020,08:00:00,0000570814
VAN SICLEN AVE,INDR44100-00-01,02/17/2020,12:00:00,0000570923
VAN SICLEN AVE,INDR44100-00-01,02/17/2020,16:00:00,0000571017
VAN SICLEN AVE,INDR44100-00-01,02/17/2020,20:00:00,0000571074
VAN SICLEN AVE,INDR44100-00-01,02/18/2020,00:00:00,0000571099
VAN SICLEN AVE,INDR44100-00-01,02/18/2020,04:00:00,0000571106
VAN SICLEN AVE,INDR44100-00-01,02/18/2020,08:00:00,0000571266
VAN SICLEN AVE,INDR44100-00-01,02/18/2020,12:00:00,0000571479
VAN SICLEN AVE,INDR44100-00-01,02/18/2020,16:00:00,0000571588
VAN SICLEN AVE,INDR44100-00-01,02/18/2020,20:00:00,0000571674
VAN SICLEN AVE,INDR44100-00-01,02/19/2020,00:00:00,0000571703
VAN SICLEN AVE,INDR44100-00-01,02/19/2020,04:00:00,0000571710
VAN SICLEN AVE,INDR44100-00-01,02/19/2020,08:00:00,0000571900
VAN SICLEN AVE,INDR44100-00-01,02/19/2020,12:00:00,0000572101
VAN SICLEN AVE,INDR44100-00-01,02/19/2020,16:00:00,0000572213
VAN SICLEN AVE,INDR44100-00-01,02/19/2020,20:00:00,0000572307
VAN SICLEN AVE,INDR44100-00-01,02/20/2020,00:00:00,0000572340
VAN SICLEN AVE,INDR44100-00-01,02/20/2020,04:00:00,0000572354
VAN SICLEN AVE,INDR44100-00-01,02/20/2020,08:00:00,0000572530
VAN SICLEN AVE,INDR44100-00-01,02/20/2020,12:00:00,0000572740
VAN SICLEN AVE,INDR44100-00-01,02/20/2020,16:00:00,0000572849
VAN SICLEN AVE,INDR44100-00-01,02/20/2020,20:00:00,0000572913
VAN SICLEN AVE,INDR44100-00-01,02/21/2020,00:00:00,0000572949
VAN SICLEN AVE,INDR44100-00-01,02/21/2020,04:00:00,0000572956
VAN SICLEN AVE,INDR44100-00-01,02/21/2020,08:00:00,0000573098
VAN SICLEN AVE,INDR44100-00-01,02/21/2020,12:00:00,0000573264
VAN SICLEN AVE,INDR44100-00-01,02/21/2020,16:00:00,0000573380
VAN SICLEN AVE,INDR44100-00-01,02/21/2020,20:00:00,0000573486
VAN SICLEN AVE,INDR44100-00-02,02/15/2020,00:00:00,0006815096
VAN SICLEN AVE,INDR44100-00-02,02/15/2020,04:00:00,0006815116
VAN SICLEN AVE,INDR44100-00-02,02/15/2020,08:00:00,0006815212
VAN SICLEN AVE,INDR44100-00-02,02/15/2020,12:00:00,0006815403
VAN SICLEN AVE,INDR44100-00-02,02/15/2020,16:00:00,0006815551
VAN SICLEN AVE,INDR44100-00-02,02/15/2020,20:00:00,0006815670
VAN SICLEN AVE,INDR44100-00-02,02/16/2020,00:00:00,0006815746
VAN SICLEN AVE,INDR44100-00-02,02/16/2020,04:00:00,0006815767
VAN SICLEN AVE,INDR44100-00-02,02/16/2020,08:00:00,0006815838
VAN SICLEN AVE,INDR44100-00-02,02/16/2020,12:00:00,0006815968
VAN SICLEN AVE,INDR44100-00-02,02/16/2020,16:00:00,0006816111
VAN SICLEN AVE,INDR44100-00-02,02/16/2020,20:00:00,0006816201
VAN SICLEN AVE,INDR44100-00-02,02/17/2020,00:00:00,0006816250
VAN SICLEN AVE,INDR44100-00-02,02/17/2020,04:00:00,0006816271
VAN SICLEN AVE,INDR44100-00-02,02/17/2020,08:00:00,0006816426
VAN SICLEN AVE,INDR44100-00-02,02/17/2020,12:00:00,0006816611
VAN SICLEN AVE,INDR44100-00-02,02/17/2020,16:00:00,0006816760
VAN SICLEN AVE,INDR44100-00-02,02/17/2020,20:00:00,0006816876
VAN SICLEN AVE,INDR44100-00-02,02/18/2020,00:00:00,0006816929
VAN SICLEN AVE,INDR44100-00-02,02/18/2020,04:00:00,0006816944
VAN SICLEN AVE,INDR44100-00-02,02/18/2020,08:00:00,0006817209
VAN SICLEN AVE,INDR44100-00-02,02/18/2020,12:00:00,0006817527
VAN SICLEN AVE,INDR44100-00-02,02/18/2020,16:00:00,0006817700
VAN SICLEN AVE,INDR44100-00-02,02/18/2020,20:00:00,0006817830
VAN SICLEN AVE,INDR44100-00-02,02/19/2020,00:00:00,0006817890
VAN SICLEN AVE,INDR44100-00-02,02/19/2020,04:00:00,0006817912
VAN SICLEN AVE,INDR44100-00-02,02/19/2020,08:00:00,0006818200
VAN SICLEN AVE,INDR44100-00-02,02/19/2020,12:00:00,0006818535
VAN SICLEN AVE,INDR44100-00-02,02/19/2020,16:00:00,0006818719
VAN SICLEN AVE,INDR44100-00-02,02/19/2020,20:00:00,0006818826
VAN SICLEN AVE,INDR44100-00-02,02/20/2020,00:00:00,0006818890
VAN SICLEN AVE,INDR44100-00-02,02/20/2020,04:00:00,0006818910
VAN SICLEN AVE,INDR44100-00-02,02/20/2020,08:00:00,0006819207
VAN SICLEN AVE,INDR44100-00-02,02/20/2020,12:00:00,0006819510
VAN SICLEN AVE,INDR44100-00-02,02/20/2020,16:00:00,0006819691
VAN SICLEN AVE,INDR44100-00-02,02/20/2020,20:00:00,0006819829
VAN SICLEN AVE,INDR44100-00-02,02/21/2020,00:00:00,0006819878
VAN SICLEN AVE,INDR44100-00-02,02/21/2020,04:00:00,0006819904
VAN SICLEN AVE,INDR44100-00-02,02/21/2020,08:00:00,0006820194
VAN SICLEN AVE,INDR44100-00-02,02/21/2020,12:00:00,0006820475
VAN SICLEN AVE,INDR44100-00-02,02/21/2020,16:00:00,0006820649
VAN SICLEN AVE,INDR44100-00-02,02/21/2020,20:00:00,0006820794
VAN SICLEN AVE,INDR44100-00-00,02/22/2020,00:00:00,0006779940
VAN SICLEN AVE,INDR44100-00-00,02/22/2020,04:00:00,0006779957
VAN SICLEN AVE,INDR44100-00-00,02/22/2020,08:00:00,0006780067
VAN SICLEN AVE,INDR44100-00-00,02/22/2020,12:00:00,0006780258
VAN SICLEN AVE,INDR44100-00-00,02/22/2020,16:00:00,0006780433
VAN SICLEN AVE,INDR44100-00-00,02/22/2020,20:00:00,0006780552
VAN SICLEN AVE,INDR44100-00-00,02/23/2020,00:00:00,0006780615
VAN SICLEN AVE,INDR44100-00-00,02/23/2020,04:00:00,0006780631
VAN SICLEN AVE,INDR44100-00-00,02/23/2020,08:00:00,0006780716
VAN SICLEN AVE,INDR44100-00-00,02/23/2020,12:00:00,0006780863
VAN SICLEN AVE,INDR44100-00-00,02/23/2020,16:00:00,0006781018
VAN SICLEN AVE,INDR44100-00-00,02/23/2020,20:00:00,0006781124
VAN SICLEN AVE,INDR44100-00-00,02/24/2020,00:00:00,0006781180
VAN SICLEN AVE,INDR44100-00-00,02/24/2020,04:00:00,0006781194
VAN SICLEN AVE,INDR44100-00-00,02/24/2020,08:00:00,0006781613
VAN SICLEN AVE,INDR44100-00-00,02/24/2020,12:00:00,0006781952
VAN SICLEN AVE,INDR44100-00-00,02/24/2020,16:00:00,0006782156
VAN SICLEN AVE,INDR44100-00-00,02/24/2020,20:00:00,0006782340
VAN SICLEN AVE,INDR44100-00-00,02/25/2020,00:00:00,0006782392
VAN SICLEN AVE,INDR44100-00-00,02/25/2020,04:00:00,0006782408
VAN SICLEN AVE,INDR44100-00-00,02/25/2020,08:00:00,0006782818
VAN SICLEN AVE,INDR44100-00-00,02/25/2020,12:00:00,0006783176
VAN SICLEN AVE,INDR44100-00-00,02/25/2020,16:00:00,0006783378
VAN SICLEN AVE,INDR44100-00-00,02/25/2020,20:00:00,0006783528
VAN SICLEN AVE,INDR44100-00-00,02/26/2020,00:00:00,0006783574
VAN SICLEN AVE,INDR44100-00-00,02/26/2020,04:00:00,0006783591
VAN SICLEN AVE,INDR44100-00-00,02/26/2020,08:00:00,0006784014
VAN SICLEN AVE,INDR44100-00-00,02/26/2020,12:00:00,0006784365
VAN SICLEN AVE,INDR44100-00-00,02/26/2020,16:00:00,0006784580
VAN SICLEN AVE,INDR44100-00-00,02/26/2020,20:00:00,0006784740
VAN SICLEN AVE,INDR44100-00-00,02/27/2020,00:00:00,0006784795
VAN SICLEN AVE,INDR44100-00-00,02/27/2020,04:00:00,0006784803
VAN SICLEN AVE,INDR44100-00-00,02/27/2020,08:00:00,0006785222
VAN SICLEN AVE,INDR44100-00-00,02/27/2020,12:00:00,0006785587
VAN SICLEN AVE,INDR44100-00-00,02/27/2020,16:00:00,0006785797
VAN SICLEN AVE,INDR44100-00-00,02/27/2020,20:00:00,0006785980
VAN SICLEN AVE,INDR44100-00-00,02/28/2020,00:00:00,0006786033
VAN SICLEN AVE,INDR44100-00-00,02/28/2020,04:00:00,0006786052
VAN SICLEN AVE,INDR44100-00-00,02/28/2020,08:00:00,0006786461
VAN SICLEN AVE,INDR44100-00-00,02/28/2020,12:00:00,0006786818
VAN SICLEN AVE,INDR44100-00-00,02/28/2020,16:00:00,0006787075
VAN SICLEN AVE,INDR44100-00-00,02/28/2020,20:00:00,0006787231
VAN SICLEN AVE,INDR44100-00-01,02/22/2020,00:00:00,0000573520
VAN SICLEN AVE,INDR44100-00-01,02/22/2020,04:00:00,0000573532
VAN SICLEN AVE,INDR44100-00-01,02/22/2020,08:00:00,0000573584
VAN SICLEN AVE,INDR44100-00-01,02/22/2020,12:00:00,0000573679
VAN SICLEN AVE,INDR44100-00-01,02/22/2020,16:00:00,0000573771
VAN SICLEN AVE,INDR44100-00-01,02/22/2020,20:00:00,0000573856
VAN SICLEN AVE,INDR44100-00-01,02/23/2020,00:00:00,0000573894
VAN SICLEN AVE,INDR44100-00-01,02/23/2020,04:00:00,0000573902
VAN SICLEN AVE,INDR44100-00-01,02/23/2020,08:00:00,0000573935
VAN SICLEN AVE,INDR44100-00-01,02/23/2020,12:00:00,0000573992
VAN SICLEN AVE,INDR44100-00-01,02/23/2020,16:00:00,0000574095
VAN SICLEN AVE,INDR44100-00-01,02/23/2020,20:00:00,0000574145
VAN SICLEN AVE,INDR44100-00-01,02/24/2020,00:00:00,0000574174
VAN SICLEN AVE,INDR44100-00-01,02/24/2020,04:00:00,0000574180
VAN SICLEN AVE,INDR44100-00-01,02/24/2020,08:00:00,0000574440
VAN SICLEN AVE,INDR44100-00-01,02/24/2020,12:00:00,0000574626
VAN SICLEN AVE,INDR44100-00-01,02/24/2020,16:00:00,0000574760
VAN SICLEN AVE,INDR44100-00-01,02/24/2020,20:00:00,0000574840
VAN SICLEN AVE,INDR44100-00-01,02/25/2020,00:00:00,0000574869
VAN SICLEN AVE,INDR44100-00-01,02/25/2020,04:00:00,0000574875
VAN SICLEN AVE,INDR44100-00-01,02/25/2020,08:00:00,0000575096
VAN SICLEN AVE,INDR44100-00-01,02/25/2020,12:00:00,0000575279
VAN SICLEN AVE,INDR44100-00-01,02/25/2020,16:00:00,0000575414
VAN SICLEN AVE,INDR44100-00-01,02/25/2020,20:00:00,0000575526
VAN SICLEN AVE,INDR44100-00-01,02/26/2020,00:00:00,0000575559
VAN SICLEN AVE,INDR44100-00-01,02/26/2020,04:00:00,0000575568
VAN SICLEN AVE,INDR44100-00-01,02/26/2020,08:00:00,0000575816
VAN SICLEN AVE,INDR44100-00-01,02/26/2020,12:00:00,0000576007
VAN SICLEN AVE,INDR44100-00-01,02/26/2020,16:00:00,0000576119
VAN SICLEN AVE,INDR44100-00-01,02/26/2020,20:00:00,0000576200
VAN SICLEN AVE,INDR44100-00-01,02/27/2020,00:00:00,0000576229
VAN SICLEN AVE,INDR44100-00-01,02/27/2020,04:00:00,0000576234
VAN SICLEN AVE,INDR44100-00-01,02/27/2020,08:00:00,0000576483
VAN SICLEN AVE,INDR44100-00-01,02/27/2020,12:00:00,0000576691
VAN SICLEN AVE,INDR44100-00-01,02/27/2020,16:00:00,0000576827
VAN SICLEN AVE,INDR44100-00-01,02/27/2020,20:00:00,0000000021
VAN SICLEN AVE,INDR44100-00-01,02/28/2020,00:00:00,0000000043
VAN SICLEN AVE,INDR44100-00-01,02/28/2020,04:00:00,0000000048
VAN SICLEN AVE,INDR44100-00-01,02/28/2020,08:00:00,0000000240
VAN SICLEN AVE,INDR44100-00-01,02/28/2020,12:00:00,0000000451
VAN SICLEN AVE,INDR44100-00-01,02/28/2020,16:00:00,0000000600
VAN SICLEN AVE,INDR44100-00-01,02/28/2020,20:00:00,0000000680
VAN SICLEN AVE,INDR44100-00-02,02/22/2020,00:00:00,0006820862
VAN SICLEN AVE,INDR44100-00-02,02/22/2020,04:00:00,0006820882
VAN SICLEN AVE,INDR44100-00-02,02/22/2020,08:00:00,0006820991
VAN SICLEN AVE,INDR44100-00-02,02/22/2020,12:00:00,0006821162
VAN SICLEN AVE,INDR44100-00-02,02/22/2020,16:00:00,0006821326
VAN SICLEN AVE,INDR44100-00-02,02/22/2020,20:00:00,0006821438
VAN SICLEN AVE,INDR44100-00-02,02/23/2020,00:00:00,0006821499
VAN SICLEN AVE,INDR44100-00-02,02/23/2020,04:00:00,0006821521
VAN SICLEN AVE,INDR44100-00-02,02/23/2020,08:00:00,0006821591
VAN SICLEN AVE,INDR44100-00-02,02/23/2020,12:00:00,0006821712
VAN SICLEN AVE,INDR44100-00-02,02/23/2020,16:00:00,0006821840
VAN SICLEN AVE,INDR44100-00-02,02/23/2020,20:00:00,0006821940
VAN SICLEN AVE,INDR44100-00-02,02/24/2020,00:00:00,0006821999
VAN SICLEN AVE,INDR44100-00-02,02/24/2020,04:00:00,0006822013
VAN SICLEN AVE,INDR44100-00-02,02/24/2020,08:00:00,0006822360
VAN SICLEN AVE,INDR44100-00-02,02/24/2020,12:00:00,0006822661
VAN SICLEN AVE,INDR44100-00-02,02/24/2020,16:00:00,0006822870
VAN SICLEN AVE,INDR44100-00-02,02/24/2020,20:00:00,0006823031
VAN SICLEN AVE,INDR44100-00-02,02/25/2020,00:00:00,0006823088
VAN SICLEN AVE,INDR44100-00-02,02/25/2020,04:00:00,0006823102
VAN SICLEN AVE,INDR44100-00-02,02/25/2020,08:00:00,0006823459
VAN SICLEN AVE,INDR44100-00-02,02/25/2020,12:00:00,0006823787
VAN SICLEN AVE,INDR44100-00-02,02/25/2020,16:00:00,0006823992
VAN SICLEN AVE,INDR44100-00-02,02/25/2020,20:00:00,0006824141
VAN SICLEN AVE,INDR44100-00-02,02/26/2020,00:00:00,0006824204
VAN SICLEN AVE,INDR44100-00-02,02/26/2020,04:00:00,0006824223
VAN SICLEN AVE,INDR44100-00-02,02/26/2020,08:00:00,0006824593
VAN SICLEN AVE,INDR44100-00-02,02/26/2020,12:00:00,0006824900
VAN SICLEN AVE,INDR44100-00-02,02/26/2020,16:00:00,0006825093
VAN SICLEN AVE,INDR44100-00-02,02/26/2020,20:00:00,0006825266
VAN SICLEN AVE,INDR44100-00-02,02/27/2020,00:00:00,0006825337
VAN SICLEN AVE,INDR44100-00-02,02/27/2020,04:00:00,0006825355
VAN SICLEN AVE,INDR44100-00-02,02/27/2020,08:00:00,0006825737
VAN SICLEN AVE,INDR44100-00-02,02/27/2020,12:00:00,0006826086
VAN SICLEN AVE,INDR44100-00-02,02/27/2020,16:00:00,0006826286
VAN SICLEN AVE,INDR44100-00-02,02/27/2020,20:00:00,0006826478
VAN SICLEN AVE,INDR44100-00-02,02/28/2020,00:00:00,0006826538
VAN SICLEN AVE,INDR44100-00-02,02/28/2020,04:00:00,0006826555
VAN SICLEN AVE,INDR44100-00-02,02/28/2020,08:00:00,0006826911
VAN SICLEN AVE,INDR44100-00-02,02/28/2020,12:00:00,0006827267
VAN SICLEN AVE,INDR44100-00-02,02/28/2020,16:00:00,0006827483
VAN SICLEN AVE,INDR44100-00-02,02/28/2020,20:00:00,0006827637
VAN SICLEN AVE,INDR44100-00-00,02/29/2020,00:00:00,0006787296
VAN SICLEN AVE,INDR44100-00-00,02/29/2020,04:00:00,0006787310
VAN SICLEN AVE,INDR44100-00-00,02/29/2020,08:00:00,0006787408
VAN SICLEN AVE,INDR44100-00-00,02/29/2020,12:00:00,0006787579
VAN SICLEN AVE,INDR44100-00-00,02/29/2020,16:00:00,0006787785
VAN SICLEN AVE,INDR44100-00-00,02/29/2020,20:00:00,0006787897
VAN SICLEN AVE,INDR44100-00-00,03/01/2020,00:00:00,0006787958
VAN SICLEN AVE,INDR44100-00-00,03/01/2020,04:00:00,0006787970
VAN SICLEN AVE,INDR44100-00-00,03/01/2020,08:00:00,0006788053
VAN SICLEN AVE,INDR44100-00-00,03/01/2020,12:00:00,0006788211
VAN SICLEN AVE,INDR44100-00-00,03/01/2020,16:00:00,0006788357
VAN SICLEN AVE,INDR44100-00-00,03/01/2020,20:00:00,0006788462
VAN SICLEN AVE,INDR44100-00-00,03/02/2020,00:00:00,0006788509
VAN SICLEN AVE,INDR44100-00-00,03/02/2020,04:00:00,0006788527
VAN SICLEN AVE,INDR44100-00-00,03/02/2020,08:00:00,0006788931
VAN SICLEN AVE,INDR44100-00-00,03/02/2020,12:00:00,0006789253
VAN SICLEN AVE,INDR44100-00-00,03/02/2020,16:00:00,0006789471
VAN SICLEN AVE,INDR44100-00-00,03/02/2020,20:00:00,0006789632
VAN SICLEN AVE,INDR44100-00-00,03/03/2020,00:00:00,0006789693
VAN SICLEN AVE,INDR44100-00-00,03/03/2020,04:00:00,0006789708
VAN SICLEN AVE,INDR44100-00-00,03/03/2020,08:00:00,0006790093
VAN SICLEN AVE,INDR44100-00-00,03/03/2020,12:00:00,0006790474
VAN SICLEN AVE,INDR44100-00-00,03/03/2020,16:00:00,0006790680
VAN SICLEN AVE,INDR44100-00-00,03/03/2020,20:00:00,0006790819
VAN SICLEN AVE,INDR44100-00-00,03/04/2020,00:00:00,0006790868
VAN SICLEN AVE,INDR44100-00-00,03/04/2020,04:00:00,0006790882
VAN SICLEN AVE,INDR44100-00-00,03/04/2020,08:00:00,0006791309
VAN SICLEN AVE,INDR44100-00-00,03/04/2020,12:00:00,0006791675
VAN SICLEN AVE,INDR44100-00-00,03/04/2020,16:00:00,0006791887
VAN SICLEN AVE,INDR44100-00-00,03/04/2020,20:00:00,0006792058
VAN SICLEN AVE,INDR44100-00-00,03/05/2020,00:00:00,0006792114
VAN SICLEN AVE,INDR44100-00-00,03/05/2020,04:00:00,0006792125
VAN SICLEN AVE,INDR44100-00-00,03/05/2020,08:00:00,0006792541
VAN SICLEN AVE,INDR44100-00-00,03/05/2020,12:00:00,0006792902
VAN SICLEN AVE,INDR44100-00-00,03/05/2020,16:00:00,0006793128
VAN SICLEN AVE,INDR44100-00-00,03/05/2020,20:00:00,0006793294
VAN SICLEN AVE,INDR44100-00-00,03/06/2020,00:00:00,0006793360
VAN SICLEN AVE,INDR44100-00-00,03/06/2020,04:00:00,0006793373
VAN SICLEN AVE,INDR44100-00-00,03/06/2020,08:00:00,0006793745
VAN SICLEN AVE,INDR44100-00-00,03/06/2020,12:00:00,0006794097
VAN SICLEN AVE,INDR44100-00-00,03/06/2020,16:00:00,0006794329
VAN SICLEN AVE,INDR44100-00-00,03/06/2020,20:00:00,0006794467
VAN SICLEN AVE,INDR44100-00-01,02/29/2020,00:00:00,0000000724
VAN SICLEN AVE,INDR44100-00-01,02/29/2020,04:00:00,0000000740
VAN SICLEN AVE,INDR44100-00-01,02/29/2020,08:00:00,0000000805
VAN SICLEN AVE,INDR44100-00-01,02/29/2020,12:00:00,0000000902
VAN SICLEN AVE,INDR44100-00-01,02/29/2020,16:00:00,0000001015
VAN SICLEN AVE,INDR44100-00-01,02/29/2020,20:00:00,0000001084
VAN SICLEN AVE,INDR44100-00-01,03/01/2020,00:00:00,0000001123
VAN SICLEN AVE,INDR44100-00-01,03/01/2020,04:00:00,0000001129
VAN SICLEN AVE,INDR44100-00-01,03/01/2020,08:00:00,0000001167
VAN SICLEN AVE,INDR44100-00-01,03/01/2020,12:00:00,0000001231
VAN SICLEN AVE,INDR44100-00-01,03/01/2020,16:00:00,0000001306
VAN SICLEN AVE,INDR44100-00-01,03/01/2020,20:00:00,0000001351
VAN SICLEN AVE,INDR44100-00-01,03/02/2020,00:00:00,0000001379
VAN SICLEN AVE,INDR44100-00-01,03/02/2020,04:00:00,0000001385
VAN SICLEN AVE,INDR44100-00-01,03/02/2020,08:00:00,0000001656
VAN SICLEN AVE,INDR44100-00-01,03/02/2020,12:00:00,0000001864
VAN SICLEN AVE,INDR44100-00-01,03/02/2020,16:00:00,0000001995
VAN SICLEN AVE,INDR44100-00-01,03/02/2020,20:00:00,0000002083
VAN SICLEN AVE,INDR44100-00-01,03/03/2020,00:00:00,0000002119
VAN SICLEN AVE,INDR44100-00-01,03/03/2020,04:00:00,0000002128
VAN SICLEN AVE,INDR44100-00-01,03/03/2020,08:00:00,0000002361
VAN SICLEN AVE,INDR44100-00-01,03/03/2020,12:00:00,0000002579
VAN SICLEN AVE,INDR44100-00-01,03/03/2020,16:00:00,0000002708
VAN SICLEN AVE,INDR44100-00-01,03/03/2020,20:00:00,0000002775
VAN SICLEN AVE,INDR44100-00-01,03/04/2020,00:00:00,0000002800
VAN SICLEN AVE,INDR44100-00-01,03/04/2020,04:00:00,0000002812
VAN SICLEN AVE,INDR44100-00-01,03/04/2020,08:00:00,0000003102
VAN SICLEN AVE,INDR44100-00-01,03/04/2020,12:00:00,0000003297
VAN SICLEN AVE,INDR44100-00-01,03/04/2020,16:00:00,0000003427
VAN SICLEN AVE,INDR44100-00-01,03/04/2020,20:00:00,0000003535
VAN SICLEN AVE,INDR44100-00-01,03/05/2020,00:00:00,0000003570
VAN SICLEN AVE,INDR44100-00-01,03/05/2020,04:00:00,0000003578
VAN SICLEN AVE,INDR44100-00-01,03/05/2020,08:00:00,0000003841
VAN SICLEN AVE,INDR44100-00-01,03/05/2020,12:00:00,0000004049
VAN SICLEN AVE,INDR44100-00-01,03/05/2020,16:00:00,0000004166
VAN SICLEN AVE,INDR44100-00-01,03/05/2020,20:00:00,0000004259
VAN SICLEN AVE,INDR44100-00-01,03/06/2020,00:00:00,0000004301
VAN SICLEN AVE,INDR44100-00-01,03/06/2020,04:00:00,0000004306
VAN SICLEN AVE,INDR44100-00-01,03/06/2020,08:00:00,0000004555
VAN SICLEN AVE,INDR44100-00-01,03/06/2020,12:00:00,0000004762
VAN SICLEN AVE,INDR44100-00-01,03/06/2020,16:00:00,0000004898
VAN SICLEN AVE,INDR44100-00-01,03/06/2020,20:00:00,0000004978
VAN SICLEN AVE,INDR44100-00-02,02/29/2020,00:00:00,0006827718
VAN SICLEN AVE,INDR44100-00-02,02/29/2020,04:00:00,0006827738
VAN SICLEN AVE,INDR44100-00-02,02/29/2020,08:00:00,0006827833
VAN SICLEN AVE,INDR44100-00-02,02/29/2020,12:00:00,0006828003
VAN SICLEN AVE,INDR44100-00-02,02/29/2020,16:00:00,0006828166
VAN SICLEN AVE,INDR44100-00-02,02/29/2020,20:00:00,0006828261
VAN SICLEN AVE,INDR44100-00-02,03/01/2020,00:00:00,0006828326
VAN SICLEN AVE,INDR44100-00-02,03/01/2020,04:00:00,0006828342
VAN SICLEN AVE,INDR44100-00-02,03/01/2020,08:00:00,0006828414
VAN SICLEN AVE,INDR44100-00-02,03/01/2020,12:00:00,0006828528
VAN SICLEN AVE,INDR44100-00-02,03/01/2020,16:00:00,0006828669
VAN SICLEN AVE,INDR44100-00-02,03/01/2020,20:00:00,0006828755
VAN SICLEN AVE,INDR44100-00-02,03/02/2020,00:00:00,0006828817
VAN SICLEN AVE,INDR44100-00-02,03/02/2020,04:00:00,0006828841
VAN SICLEN AVE,INDR44100-00-02,03/02/2020,08:00:00,0006829188
VAN SICLEN AVE,INDR44100-00-02,03/02/2020,12:00:00,0006829506
VAN SICLEN AVE,INDR44100-00-02,03/02/2020,16:00:00,0006829715
VAN SICLEN AVE,INDR44100-00-02,03/02/2020,20:00:00,0006829867
VAN SICLEN AVE,INDR44100-00-02,03/03/2020,00:00:00,0006829921
VAN SICLEN AVE,INDR44100-00-02,03/03/2020,04:00:00,0006829946
VAN SICLEN AVE,INDR44100-00-02,03/03/2020,08:00:00,0006830329
VAN SICLEN AVE,INDR44100-00-02,03/03/2020,12:00:00,0006830623
VAN SICLEN AVE,INDR44100-00-02,03/03/2020,16:00:00,0006830834
VAN SICLEN AVE,INDR44100-00-02,03/03/2020,20:00:00,0006830975
VAN SICLEN AVE,INDR44100-00-02,03/04/2020,00:00:00,0006831031
VAN SICLEN AVE,INDR44100-00-02,03/04/2020,04:00:00,0006831048
VAN SICLEN AVE,INDR44100-00-02,03/04/2020,08:00:00,0006831403
VAN SICLEN AVE,INDR44100-00-02,03/04/2020,12:00:00,0006831718
VAN SICLEN AVE,INDR44100-00-02,03/04/2020,16:00:00,0006831942
VAN SICLEN AVE,INDR44100-00-02,03/04/2020,20:00:00,0006832100
VAN SICLEN AVE,INDR44100-00-02,03/05/2020,00:00:00,0006832169
VAN SICLEN AVE,INDR44100-00-02,03/05/2020,04:00:00,0006832184
VAN SICLEN AVE,INDR44100-00-02,03/05/2020,08:00:00,0006832560
VAN SICLEN AVE,INDR44100-00-02,03/05/2020,12:00:00,0006832899
VAN SICLEN AVE,INDR44100-00-02,03/05/2020,16:00:00,0006833083
VAN SICLEN AVE,INDR44100-00-02,03/05/2020,20:00:00,0006833283
VAN SICLEN AVE,INDR44100-00-02,03/06/2020,00:00:00,0006833355
VAN SICLEN AVE,INDR44100-00-02,03/06/2020,04:00:00,0006833376
VAN SICLEN AVE,INDR44100-00-02,03/06/2020,08:00:00,0006833731
VAN SICLEN AVE,INDR44100-00-02,03/06/2020,12:00:00,0006834048
VAN SICLEN AVE,INDR44100-00-02,03/06/2020,16:00:00,0006834278
VAN SICLEN AVE,INDR44100-00-02,03/06/2020,20:00:00,0006834420
VAN SICLEN AVE,INDR44100-00-00,03/07/2020,00:00:00,0006794527
VAN SICLEN AVE,INDR44100-00-00,03/07/2020,04:00:00,0006794540
VAN SICLEN AVE,INDR44100-00-00,03/07/2020,08:00:00,0006794618
VAN SICLEN AVE,INDR44100-00-00,03/07/2020,12:00:00,0006794771
VAN SICLEN AVE,INDR44100-00-00,03/07/2020,16:00:00,0006794906
VAN SICLEN AVE,INDR44100-00-00,03/07/2020,20:00:00,0006795014
VAN SICLEN AVE,INDR44100-00-00,03/08/2020,00:00:00,0006795023
VAN SICLEN AVE,INDR44100-00-00,03/08/2020,05:00:00,0006795041
VAN SICLEN AVE,INDR44100-00-00,03/08/2020,09:00:00,0006795125
VAN SICLEN AVE,INDR44100-00-00,03/08/2020,13:00:00,0006795216
VAN SICLEN AVE,INDR44100-00-00,03/08/2020,17:00:00,0006795323
VAN SICLEN AVE,INDR44100-00-00,03/08/2020,21:00:00,0006795395
VAN SICLEN AVE,INDR44100-00-00,03/09/2020,01:00:00,0006795427
VAN SICLEN AVE,INDR44100-00-00,03/09/2020,05:00:00,0006795451
VAN SICLEN AVE,INDR44100-00-00,03/09/2020,09:00:00,0006795968
VAN SICLEN AVE,INDR44100-00-00,03/09/2020,13:00:00,0006796213
VAN SICLEN AVE,INDR44100-00-00,03/09/2020,17:00:00,0006796432
VAN SICLEN AVE,INDR44100-00-00,03/09/2020,21:00:00,0006796561
VAN SICLEN AVE,INDR44100-00-00,03/10/2020,01:00:00,0006796600
VAN SICLEN AVE,INDR44100-00-00,03/10/2020,05:00:00,0006796630
VAN SICLEN AVE,INDR44100-00-00,03/10/2020,09:00:00,0006797127
VAN SICLEN AVE,INDR44100-00-00,03/10/2020,13:00:00,0006797342
VAN SICLEN AVE,INDR44100-00-00,03/10/2020,17:00:00,0006797561
VAN SICLEN AVE,INDR44100-00-00,03/10/2020,21:00:00,0006797691
VAN SICLEN AVE,INDR44100-00-00,03/11/2020,01:00:00,0006797732
VAN SICLEN AVE,INDR44100-00-00,03/11/2020,05:00:00,0006797762
VAN SICLEN AVE,INDR44100-00-00,03/11/2020,09:00:00,0006798280
VAN SICLEN AVE,INDR44100-00-00,03/11/2020,13:00:00,0006798500
VAN SICLEN AVE,INDR44100-00-00,03/11/2020,17:00:00,0006798704
VAN SICLEN AVE,INDR44100-00-00,03/11/2020,21:00:00,0006798850
VAN SICLEN AVE,INDR44100-00-00,03/12/2020,01:00:00,0006798893
VAN SICLEN AVE,INDR44100-00-00,03/12/2020,05:00:00,0006798925
VAN SICLEN AVE,INDR44100-00-00,03/12/2020,09:00:00,0006799424
VAN SICLEN AVE,INDR44100-00-00,03/12/2020,13:00:00,0006799627
VAN SICLEN AVE,INDR44100-00-00,03/12/2020,17:00:00,0006799860
VAN SICLEN AVE,INDR44100-00-00,03/12/2020,21:00:00,0006799978
VAN SICLEN AVE,INDR44100-00-00,03/13/2020,01:00:00,0006800018
VAN SICLEN AVE,INDR44100-00-00,03/13/2020,05:00:00,0006800046
VAN SICLEN AVE,INDR44100-00-00,03/13/2020,09:00:00,0006800459
VAN SICLEN AVE,INDR44100-00-00,03/13/2020,13:00:00,0006800689
VAN SICLEN AVE,INDR44100-00-00,03/13/2020,17:00:00,0006800884
VAN SICLEN AVE,INDR44100-00-00,03/13/2020,21:00:00,0006801018
VAN SICLEN AVE,INDR44100-00-01,03/07/2020,00:00:00,0000005024
VAN SICLEN AVE,INDR44100-00-01,03/07/2020,04:00:00,0000005035
VAN SICLEN AVE,INDR44100-00-01,03/07/2020,08:00:00,0000005083
VAN SICLEN AVE,INDR44100-00-01,03/07/2020,12:00:00,0000005185
VAN SICLEN AVE,INDR44100-00-01,03/07/2020,16:00:00,0000005296
VAN SICLEN AVE,INDR44100-00-01,03/07/2020,20:00:00,0000005354
VAN SICLEN AVE,INDR44100-00-01,03/08/2020,00:00:00,0000005362
VAN SICLEN AVE,INDR44100-00-01,03/08/2020,05:00:00,0000005366
VAN SICLEN AVE,INDR44100-00-01,03/08/2020,09:00:00,0000005407
VAN SICLEN AVE,INDR44100-00-01,03/08/2020,13:00:00,0000005463
VAN SICLEN AVE,INDR44100-00-01,03/08/2020,17:00:00,0000005525
VAN SICLEN AVE,INDR44100-00-01,03/08/2020,21:00:00,0000005556
VAN SICLEN AVE,INDR44100-00-01,03/09/2020,01:00:00,0000005571
VAN SICLEN AVE,INDR44100-00-01,03/09/2020,05:00:00,0000005581
VAN SICLEN AVE,INDR44100-00-01,03/09/2020,09:00:00,0000005912
VAN SICLEN AVE,INDR44100-00-01,03/09/2020,13:00:00,0000006036
VAN SICLEN AVE,INDR44100-00-01,03/09/2020,17:00:00,0000006170
VAN SICLEN AVE,INDR44100-00-01,03/09/2020,21:00:00,0000006249
VAN SICLEN AVE,INDR44100-00-01,03/10/2020,01:00:00,0000006268
VAN SICLEN AVE,INDR44100-00-01,03/10/2020,05:00:00,0000006283
VAN SICLEN AVE,INDR44100-00-01,03/10/2020,09:00:00,0000006619
VAN SICLEN AVE,INDR44100-00-01,03/10/2020,13:00:00,0000006761
VAN SICLEN AVE,INDR44100-00-01,03/10/2020,17:00:00,0000006920
VAN SICLEN AVE,INDR44100-00-01,03/10/2020,21:00:00,0000006998
VAN SICLEN AVE,INDR44100-00-01,03/11/2020,01:00:00,0000007014
VAN SICLEN AVE,INDR44100-00-01,03/11/2020,05:00:00,0000007029
VAN SICLEN AVE,INDR44100-00-01,03/11/2020,09:00:00,0000007349
VAN SICLEN AVE,INDR44100-00-01,03/11/2020,13:00:00,0000007495
VAN SICLEN AVE,INDR44100-00-01,03/11/2020,17:00:00,0000007642
VAN SICLEN AVE,INDR44100-00-01,03/11/2020,21:00:00,0000007713
VAN SICLEN AVE,INDR44100-00-01,03/12/2020,01:00:00,0000007738
VAN SICLEN AVE,INDR44100-00-01,03/12/2020,05:00:00,0000007750
VAN SICLEN AVE,INDR44100-00-01,03/12/2020,09:00:00,0000008047
VAN SICLEN AVE,INDR44100-00-01,03/12/2020,13:00:00,0000008153
VAN SICLEN AVE,INDR44100-00-01,03/12/2020,17:00:00,0000008293
VAN SICLEN AVE,INDR44100-00-01,03/12/2020,21:00:00,0000008364
VAN SICLEN AVE,INDR44100-00-01,03/13/2020,01:00:00,0000008382
VAN SICLEN AVE,INDR44100-00-01,03/13/2020,05:00:00,0000008393
VAN SICLEN AVE,INDR44100-00-01,03/13/2020,09:00:00,0000008631
VAN SICLEN AVE,INDR44100-00-01,03/13/2020,13:00:00,0000008729
VAN SICLEN AVE,INDR44100-00-01,03/13/2020,17:00:00,0000008855
VAN SICLEN AVE,INDR44100-00-01,03/13/2020,21:00:00,0000008939
VAN SICLEN AVE,INDR44100-00-02,03/07/2020,00:00:00,0006834490
VAN SICLEN AVE,INDR44100-00-02,03/07/2020,04:00:00,0006834520
VAN SICLEN AVE,INDR44100-00-02,03/07/2020,08:00:00,0006834614
VAN SICLEN AVE,INDR44100-00-02,03/07/2020,12:00:00,0006834774
VAN SICLEN AVE,INDR44100-00-02,03/07/2020,16:00:00,0006834887
VAN SICLEN AVE,INDR44100-00-02,03/07/2020,20:00:00,0006834981
VAN SICLEN AVE,INDR44100-00-02,03/08/2020,00:00:00,0006834991
VAN SICLEN AVE,INDR44100-00-02,03/08/2020,05:00:00,0006835009
VAN SICLEN AVE,INDR44100-00-02,03/08/2020,09:00:00,0006835067
VAN SICLEN AVE,INDR44100-00-02,03/08/2020,13:00:00,0006835174
VAN SICLEN AVE,INDR44100-00-02,03/08/2020,17:00:00,0006835277
VAN SICLEN AVE,INDR44100-00-02,03/08/2020,21:00:00,0006835339
VAN SICLEN AVE,INDR44100-00-02,03/09/2020,01:00:00,0006835370
VAN SICLEN AVE,INDR44100-00-02,03/09/2020,05:00:00,0006835386
VAN SICLEN AVE,INDR44100-00-02,03/09/2020,09:00:00,0006835847
VAN SICLEN AVE,INDR44100-00-02,03/09/2020,13:00:00,0006836050
VAN SICLEN AVE,INDR44100-00-02,03/09/2020,17:00:00,0006836299
VAN SICLEN AVE,INDR44100-00-02,03/09/2020,21:00:00,0006836414
VAN SICLEN AVE,INDR44100-00-02,03/10/2020,01:00:00,0006836456
VAN SICLEN AVE,INDR44100-00-02,03/10/2020,05:00:00,0006836482
VAN SICLEN AVE,INDR44100-00-02,03/10/2020,09:00:00,0006836941
VAN SICLEN AVE,INDR44100-00-02,03/10/2020,13:00:00,0006837179
VAN SICLEN AVE,INDR44100-00-02,03/10/2020,17:00:00,0006837387
VAN SICLEN AVE,INDR44100-00-02,03/10/2020,21:00:00,0006837503
VAN SICLEN AVE,INDR44100-00-02,03/11/2020,01:00:00,0006837553
VAN SICLEN AVE,INDR44100-00-02,03/11/2020,05:00:00,0006837584
VAN SICLEN AVE,INDR44100-00-02,03/11/2020,09:00:00,0006838046
VAN SICLEN AVE,INDR44100-00-02,03/11/2020,13:00:00,0006838267
VAN SICLEN AVE,INDR44100-00-02,03/11/2020,17:00:00,0006838442
VAN SICLEN AVE,INDR44100-00-02,03/11/2020,21:00:00,0006838566
VAN SICLEN AVE,INDR44100-00-02,03/12/2020,01:00:00,0006838607
VAN SICLEN AVE,INDR44100-00-02,03/12/2020,05:00:00,0006838635
VAN SICLEN AVE,INDR44100-00-02,03/12/2020,09:00:00,0006839082
VAN SICLEN AVE,INDR44100-00-02,03/12/2020,13:00:00,0006839285
VAN SICLEN AVE,INDR44100-00-02,03/12/2020,17:00:00,0006839500
VAN SICLEN AVE,INDR44100-00-02,03/12/2020,21:00:00,0006839635
VAN SICLEN AVE,INDR44100-00-02,03/13/2020,01:00:00,0006839676
VAN SICLEN AVE,INDR44100-00-02,03/13/2020,05:00:00,0006839704
VAN SICLEN AVE,INDR44100-00-02,03/13/2020,09:00:00,0006840052
VAN SICLEN AVE,INDR44100-00-02,03/13/2020,13:00:00,0006840239
VAN SICLEN AVE,INDR44100-00-02,03/13/2020,17:00:00,0006840414
VAN SICLEN AVE,INDR44100-00-02,03/13/2020,21:00:00,0006840523
VAN SICLEN AVE,INDR44100-00-00,03/14/2020,01:00:00,0006801055
VAN SICLEN AVE,INDR44100-00-00,03/14/2020,05:00:00,0006801077
VAN SICLEN AVE,INDR44100-00-00,03/14/2020,09:00:00,0006801197
VAN SICLEN AVE,INDR44100-00-00,03/14/2020,13:00:00,0006801333
VAN SICLEN AVE,INDR44100-00-00,03/14/2020,17:00:00,0006801451
VAN SICLEN AVE,INDR44100-00-00,03/14/2020,21:00:00,0006801517
VAN SICLEN AVE,INDR44100-00-00,03/15/2020,01:00:00,0006801556
VAN SICLEN AVE,INDR44100-00-00,03/15/2020,05:00:00,0006801570
VAN SICLEN AVE,INDR44100-00-00,03/15/2020,09:00:00,0006801653
VAN SICLEN AVE,INDR44100-00-00,03/15/2020,13:00:00,0006801746
VAN SICLEN AVE,INDR44100-00-00,03/15/2020,17:00:00,0006801844
VAN SICLEN AVE,INDR44100-00-00,03/15/2020,21:00:00,0006801911
VAN SICLEN AVE,INDR44100-00-00,03/16/2020,01:00:00,0006801954
VAN SICLEN AVE,INDR44100-00-00,03/16/2020,05:00:00,0006801979
VAN SICLEN AVE,INDR44100-00-00,03/16/2020,13:00:00,0006802398
VAN SICLEN AVE,INDR44100-00-00,03/16/2020,17:00:00,0006802540
VAN SICLEN AVE,INDR44100-00-00,03/16/2020,21:00:00,0006802614
VAN SICLEN AVE,INDR44100-00-00,03/17/2020,01:00:00,0006802636
VAN SICLEN AVE,INDR44100-00-00,03/17/2020,05:00:00,0006802646
VAN SICLEN AVE,INDR44100-00-00,03/17/2020,09:00:00,0006802915
VAN SICLEN AVE,INDR44100-00-00,03/17/2020,13:00:00,0006803045
VAN SICLEN AVE,INDR44100-00-00,03/17/2020,17:00:00,0006803173
VAN SICLEN AVE,INDR44100-00-00,03/17/2020,21:00:00,0006803248
VAN SICLEN AVE,INDR44100-00-00,03/18/2020,01:00:00,0006803285
VAN SICLEN AVE,INDR44100-00-00,03/18/2020,05:00:00,0006803305
VAN SICLEN AVE,INDR44100-00-00,03/18/2020,09:00:00,0006803567
VAN SICLEN AVE,INDR44100-00-00,03/18/2020,13:00:00,0006803688
VAN SICLEN AVE,INDR44100-00-00,03/18/2020,17:00:00,0006803809
VAN SICLEN AVE,INDR44100-00-00,03/18/2020,21:00:00,0006803874
VAN SICLEN AVE,INDR44100-00-00,03/19/2020,01:00:00,0006803898
VAN SICLEN AVE,INDR44100-00-00,03/19/2020,05:00:00,0006803911
VAN SICLEN AVE,INDR44100-00-00,03/19/2020,09:00:00,0006804125
VAN SICLEN AVE,INDR44100-00-00,03/19/2020,13:00:00,0006804270
VAN SICLEN AVE,INDR44100-00-00,03/19/2020,17:00:00,0006804385
VAN SICLEN AVE,INDR44100-00-00,03/19/2020,21:00:00,0006804452
VAN SICLEN AVE,INDR44100-00-00,03/20/2020,01:00:00,0006804490
VAN SICLEN AVE,INDR44100-00-00,03/20/2020,05:00:00,0006804501
VAN SICLEN AVE,INDR44100-00-00,03/20/2020,09:00:00,0006804705
VAN SICLEN AVE,INDR44100-00-00,03/20/2020,13:00:00,0006804815
VAN SICLEN AVE,INDR44100-00-00,03/20/2020,17:00:00,0006804955
VAN SICLEN AVE,INDR44100-00-00,03/20/2020,21:00:00,0006805008
VAN SICLEN AVE,INDR44100-00-01,03/14/2020,01:00:00,0000008969
VAN SICLEN AVE,INDR44100-00-01,03/14/2020,05:00:00,0000008981
VAN SICLEN AVE,INDR44100-00-01,03/14/2020,09:00:00,0000009038
VAN SICLEN AVE,INDR44100-00-01,03/14/2020,13:00:00,0000009109
VAN SICLEN AVE,INDR44100-00-01,03/14/2020,17:00:00,0000009172
VAN SICLEN AVE,INDR44100-00-01,03/14/2020,21:00:00,0000009220
VAN SICLEN AVE,INDR44100-00-01,03/15/2020,01:00:00,0000009243
VAN SICLEN AVE,INDR44100-00-01,03/15/2020,05:00:00,0000009251
VAN SICLEN AVE,INDR44100-00-01,03/15/2020,09:00:00,0000009286
VAN SICLEN AVE,INDR44100-00-01,03/15/2020,13:00:00,0000009356
VAN SICLEN AVE,INDR44100-00-01,03/15/2020,17:00:00,0000009406
VAN SICLEN AVE,INDR44100-00-01,03/15/2020,21:00:00,0000009444
VAN SICLEN AVE,INDR44100-00-01,03/16/2020,01:00:00,0000009461
VAN SICLEN AVE,INDR44100-00-01,03/16/2020,05:00:00,0000009476
VAN SICLEN AVE,INDR44100-00-01,03/16/2020,13:00:00,0000009724
VAN SICLEN AVE,INDR44100-00-01,03/16/2020,17:00:00,0000009794
VAN SICLEN AVE,INDR44100-00-01,03/16/2020,21:00:00,0000009839
VAN SICLEN AVE,INDR44100-00-01,03/17/2020,01:00:00,0000009858
VAN SICLEN AVE,INDR44100-00-01,03/17/2020,05:00:00,0000009870
VAN SICLEN AVE,INDR44100-00-01,03/17/2020,09:00:00,0000010020
VAN SICLEN AVE,INDR44100-00-01,03/17/2020,13:00:00,0000010090
VAN SICLEN AVE,INDR44100-00-01,03/17/2020,17:00:00,0000010147
VAN SICLEN AVE,INDR44100-00-01,03/17/2020,21:00:00,0000010190
VAN SICLEN AVE,INDR44100-00-01,03/18/2020,01:00:00,0000010204
VAN SICLEN AVE,INDR44100-00-01,03/18/2020,05:00:00,0000010210
VAN SICLEN AVE,INDR44100-00-01,03/18/2020,09:00:00,0000010346
VAN SICLEN AVE,INDR44100-00-01,03/18/2020,13:00:00,0000010416
VAN SICLEN AVE,INDR44100-00-01,03/18/2020,17:00:00,0000010468
VAN SICLEN AVE,INDR44100-00-01,03/18/2020,21:00:00,0000010510
VAN SICLEN AVE,INDR44100-00-01,03/19/2020,01:00:00,0000010524
VAN SICLEN AVE,INDR44100-00-01,03/19/2020,05:00:00,0000010530
VAN SICLEN AVE,INDR44100-00-01,03/19/2020,09:00:00,0000010639
VAN SICLEN AVE,INDR44100-00-01,03/19/2020,13:00:00,0000010715
VAN SICLEN AVE,INDR44100-00-01,03/19/2020,17:00:00,0000010782
VAN SICLEN AVE,INDR44100-00-01,03/19/2020,21:00:00,0000010812
VAN SICLEN AVE,INDR44100-00-01,03/20/2020,01:00:00,0000010826
VAN SICLEN AVE,INDR44100-00-01,03/20/2020,05:00:00,0000010830
VAN SICLEN AVE,INDR44100-00-01,03/20/2020,09:00:00,0000010913
VAN SICLEN AVE,INDR44100-00-01,03/20/2020,13:00:00,0000010965
VAN SICLEN AVE,INDR44100-00-01,03/20/2020,17:00:00,0000011030
VAN SICLEN AVE,INDR44100-00-01,03/20/2020,21:00:00,0000011061
VAN SICLEN AVE,INDR44100-00-02,03/14/2020,01:00:00,0006840567
VAN SICLEN AVE,INDR44100-00-02,03/14/2020,05:00:00,0006840593
VAN SICLEN AVE,INDR44100-00-02,03/14/2020,09:00:00,0006840689
VAN SICLEN AVE,INDR44100-00-02,03/14/2020,13:00:00,0006840792
VAN SICLEN AVE,INDR44100-00-02,03/14/2020,17:00:00,0006840896
VAN SICLEN AVE,INDR44100-00-02,03/14/2020,21:00:00,0006840966
VAN SICLEN AVE,INDR44100-00-02,03/15/2020,01:00:00,0006841004
VAN SICLEN AVE,INDR44100-00-02,03/15/2020,05:00:00,0006841017
VAN SICLEN AVE,INDR44100-00-02,03/15/2020,09:00:00,0006841090
VAN SICLEN AVE,INDR44100-00-02,03/15/2020,13:00:00,0006841189
VAN SICLEN AVE,INDR44100-00-02,03/15/2020,17:00:00,0006841271
VAN SICLEN AVE,INDR44100-00-02,03/15/2020,21:00:00,0006841325
VAN SICLEN AVE,INDR44100-00-02,03/16/2020,01:00:00,0006841371
VAN SICLEN AVE,INDR44100-00-02,03/16/2020,05:00:00,0006841393
VAN SICLEN AVE,INDR44100-00-02,03/16/2020,13:00:00,0006841799
VAN SICLEN AVE,INDR44100-00-02,03/16/2020,17:00:00,0006841908
VAN SICLEN AVE,INDR44100-00-02,03/16/2020,21:00:00,0006841987
VAN SICLEN AVE,INDR44100-00-02,03/17/2020,01:00:00,0006842014
VAN SICLEN AVE,INDR44100-00-02,03/17/2020,05:00:00,0006842038
VAN SICLEN AVE,INDR44100-00-02,03/17/2020,09:00:00,0006842264
VAN SICLEN AVE,INDR44100-00-02,03/17/2020,13:00:00,0006842370
VAN SICLEN AVE,INDR44100-00-02,03/17/2020,17:00:00,0006842488
VAN SICLEN AVE,INDR44100-00-02,03/17/2020,21:00:00,0006842565
VAN SICLEN AVE,INDR44100-00-02,03/18/2020,01:00:00,0006842600
VAN SICLEN AVE,INDR44100-00-02,03/18/2020,05:00:00,0006842621
VAN SICLEN AVE,INDR44100-00-02,03/18/2020,09:00:00,0006842850
VAN SICLEN AVE,INDR44100-00-02,03/18/2020,13:00:00,0006842986
VAN SICLEN AVE,INDR44100-00-02,03/18/2020,17:00:00,0006843125
VAN SICLEN AVE,INDR44100-00-02,03/18/2020,21:00:00,0006843192
VAN SICLEN AVE,INDR44100-00-02,03/19/2020,01:00:00,0006843230
VAN SICLEN AVE,INDR44100-00-02,03/19/2020,05:00:00,0006843257
VAN SICLEN AVE,INDR44100-00-02,03/19/2020,09:00:00,0006843460
VAN SICLEN AVE,INDR44100-00-02,03/19/2020,13:00:00,0006843589
VAN SICLEN AVE,INDR44100-00-02,03/19/2020,17:00:00,0006843700
VAN SICLEN AVE,INDR44100-00-02,03/19/2020,21:00:00,0006843782
VAN SICLEN AVE,INDR44100-00-02,03/20/2020,01:00:00,0006843819
VAN SICLEN AVE,INDR44100-00-02,03/20/2020,05:00:00,0006843845
VAN SICLEN AVE,INDR44100-00-02,03/20/2020,09:00:00,0006844044
VAN SICLEN AVE,INDR44100-00-02,03/20/2020,13:00:00,0006844155
VAN SICLEN AVE,INDR44100-00-02,03/20/2020,17:00:00,0006844287
VAN SICLEN AVE,INDR44100-00-02,03/20/2020,21:00:00,0006844348
VAN SICLEN AVE,INDR44100-00-00,03/21/2020,01:00:00,0006805048
VAN SICLEN AVE,INDR44100-00-00,03/21/2020,05:00:00,0006805061
VAN SICLEN AVE,INDR44100-00-00,03/21/2020,09:00:00,0006805123
VAN SICLEN AVE,INDR44100-00-00,03/21/2020,13:00:00,0006805188
VAN SICLEN AVE,INDR44100-00-00,03/21/2020,17:00:00,0006805261
VAN SICLEN AVE,INDR44100-00-00,03/21/2020,21:00:00,0006805321
VAN SICLEN AVE,INDR44100-00-00,03/22/2020,01:00:00,0006805352
VAN SICLEN AVE,INDR44100-00-00,03/22/2020,05:00:00,0006805366
VAN SICLEN AVE,INDR44100-00-00,03/22/2020,09:00:00,0006805417
VAN SICLEN AVE,INDR44100-00-00,03/22/2020,13:00:00,0006805456
VAN SICLEN AVE,INDR44100-00-00,03/22/2020,17:00:00,0006805512
VAN SICLEN AVE,INDR44100-00-00,03/22/2020,21:00:00,0006805553
VAN SICLEN AVE,INDR44100-00-00,03/23/2020,01:00:00,0006805568
VAN SICLEN AVE,INDR44100-00-00,03/23/2020,05:00:00,0006805580
VAN SICLEN AVE,INDR44100-00-00,03/23/2020,09:00:00,0006805727
VAN SICLEN AVE,INDR44100-00-00,03/23/2020,13:00:00,0006805795
VAN SICLEN AVE,INDR44100-00-00,03/23/2020,17:00:00,0006805847
VAN SICLEN AVE,INDR44100-00-00,03/23/2020,21:00:00,0006805890
VAN SICLEN AVE,INDR44100-00-00,03/24/2020,01:00:00,0006805908
VAN SICLEN AVE,INDR44100-00-00,03/24/2020,05:00:00,0006805917
VAN SICLEN AVE,INDR44100-00-00,03/24/2020,09:00:00,0006806040
VAN SICLEN AVE,INDR44100-00-00,03/24/2020,13:00:00,0006806100
VAN SICLEN AVE,INDR44100-00-00,03/24/2020,17:00:00,0006806173
VAN SICLEN AVE,INDR44100-00-00,03/24/2020,21:00:00,0006806203
VAN SICLEN AVE,INDR44100-00-00,03/25/2020,01:00:00,0006806220
VAN SICLEN AVE,INDR44100-00-00,03/25/2020,05:00:00,0006806233
VAN SICLEN AVE,INDR44100-00-00,03/25/2020,09:00:00,0006806379
VAN SICLEN AVE,INDR44100-00-00,03/25/2020,13:00:00,0006806426
VAN SICLEN AVE,INDR44100-00-00,03/25/2020,17:00:00,0006806490
VAN SICLEN AVE,INDR44100-00-00,03/25/2020,21:00:00,0006806519
VAN SICLEN AVE,INDR44100-00-00,03/26/2020,01:00:00,0006806543
VAN SICLEN AVE,INDR44100-00-00,03/26/2020,05:00:00,0006806555
VAN SICLEN AVE,INDR44100-00-00,03/26/2020,09:00:00,0006806671
VAN SICLEN AVE,INDR44100-00-00,03/26/2020,13:00:00,0006806735
VAN SICLEN AVE,INDR44100-00-00,03/26/2020,17:00:00,0006806802
VAN SICLEN AVE,INDR44100-00-00,03/26/2020,21:00:00,0006806841
VAN SICLEN AVE,INDR44100-00-00,03/27/2020,01:00:00,0006806854
VAN SICLEN AVE,INDR44100-00-00,03/27/2020,05:00:00,0006806861
VAN SICLEN AVE,INDR44100-00-00,03/27/2020,09:00:00,0006806981
VAN SICLEN AVE,INDR44100-00-00,03/27/2020,13:00:00,0006807034
VAN SICLEN AVE,INDR44100-00-00,03/27/2020,17:00:00,0006807102
VAN SICLEN AVE,INDR44100-00-00,03/27/2020,21:00:00,0006807140
VAN SICLEN AVE,INDR44100-00-01,03/21/2020,01:00:00,0000011078
VAN SICLEN AVE,INDR44100-00-01,03/21/2020,05:00:00,0000011080
VAN SICLEN AVE,INDR44100-00-01,03/21/2020,09:00:00,0000011101
VAN SICLEN AVE,INDR44100-00-01,03/21/2020,13:00:00,0000011145
VAN SICLEN AVE,INDR44100-00-01,03/21/2020,17:00:00,0000011179
VAN SICLEN AVE,INDR44100-00-01,03/21/2020,21:00:00,0000011203
VAN SICLEN AVE,INDR44100-00-01,03/22/2020,01:00:00,0000011211
VAN SICLEN AVE,INDR44100-00-01,03/22/2020,05:00:00,0000011214
VAN SICLEN AVE,INDR44100-00-01,03/22/2020,09:00:00,0000011236
VAN SICLEN AVE,INDR44100-00-01,03/22/2020,13:00:00,0000011256
VAN SICLEN AVE,INDR44100-00-01,03/22/2020,17:00:00,0000011291
VAN SICLEN AVE,INDR44100-00-01,03/22/2020,21:00:00,0000011305
VAN SICLEN AVE,INDR44100-00-01,03/23/2020,01:00:00,0000011313
VAN SICLEN AVE,INDR44100-00-01,03/23/2020,05:00:00,0000011318
VAN SICLEN AVE,INDR44100-00-01,03/23/2020,09:00:00,0000011386
VAN SICLEN AVE,INDR44100-00-01,03/23/2020,13:00:00,0000011422
VAN SICLEN AVE,INDR44100-00-01,03/23/2020,17:00:00,0000011451
VAN SICLEN AVE,INDR44100-00-01,03/23/2020,21:00:00,0000011464
VAN SICLEN AVE,INDR44100-00-01,03/24/2020,01:00:00,0000011473
VAN SICLEN AVE,INDR44100-00-01,03/24/2020,05:00:00,0000011476
VAN SICLEN AVE,INDR44100-00-01,03/24/2020,09:00:00,0000011539
VAN SICLEN AVE,INDR44100-00-01,03/24/2020,13:00:00,0000011571
VAN SICLEN AVE,INDR44100-00-01,03/24/2020,17:00:00,0000011604
VAN SICLEN AVE,INDR44100-00-01,03/24/2020,21:00:00,0000011619
VAN SICLEN AVE,INDR44100-00-01,03/25/2020,01:00:00,0000011627
VAN SICLEN AVE,INDR44100-00-01,03/25/2020,05:00:00,0000011634
VAN SICLEN AVE,INDR44100-00-01,03/25/2020,09:00:00,0000011682
VAN SICLEN AVE,INDR44100-00-01,03/25/2020,13:00:00,0000011712
VAN SICLEN AVE,INDR44100-00-01,03/25/2020,17:00:00,0000011747
VAN SICLEN AVE,INDR44100-00-01,03/25/2020,21:00:00,0000011765
VAN SICLEN AVE,INDR44100-00-01,03/26/2020,01:00:00,0000011778
VAN SICLEN AVE,INDR44100-00-01,03/26/2020,05:00:00,0000011779
VAN SICLEN AVE,INDR44100-00-01,03/26/2020,09:00:00,0000011836
VAN SICLEN AVE,INDR44100-00-01,03/26/2020,13:00:00,0000011867
VAN SICLEN AVE,INDR44100-00-01,03/26/2020,17:00:00,0000011891
VAN SICLEN AVE,INDR44100-00-01,03/26/2020,21:00:00,0000011909
VAN SICLEN AVE,INDR44100-00-01,03/27/2020,01:00:00,0000011919
VAN SICLEN AVE,INDR44100-00-01,03/27/2020,05:00:00,0000011922
VAN SICLEN AVE,INDR44100-00-01,03/27/2020,09:00:00,0000011973
VAN SICLEN AVE,INDR44100-00-01,03/27/2020,13:00:00,0000012009
VAN SICLEN AVE,INDR44100-00-01,03/27/2020,17:00:00,0000012042
VAN SICLEN AVE,INDR44100-00-01,03/27/2020,21:00:00,0000012070
VAN SICLEN AVE,INDR44100-00-02,03/21/2020,01:00:00,0006844384
VAN SICLEN AVE,INDR44100-00-02,03/21/2020,05:00:00,0006844403
VAN SICLEN AVE,INDR44100-00-02,03/21/2020,09:00:00,0006844469
VAN SICLEN AVE,INDR44100-00-02,03/21/2020,13:00:00,0006844546
VAN SICLEN AVE,INDR44100-00-02,03/21/2020,17:00:00,0006844618
VAN SICLEN AVE,INDR44100-00-02,03/21/2020,21:00:00,0006844651
VAN SICLEN AVE,INDR44100-00-02,03/22/2020,01:00:00,0006844684
VAN SICLEN AVE,INDR44100-00-02,03/22/2020,05:00:00,0006844694
VAN SICLEN AVE,INDR44100-00-02,03/22/2020,09:00:00,0006844753
VAN SICLEN AVE,INDR44100-00-02,03/22/2020,13:00:00,0006844793
VAN SICLEN AVE,INDR44100-00-02,03/22/2020,17:00:00,0006844868
VAN SICLEN AVE,INDR44100-00-02,03/22/2020,21:00:00,0006844895
VAN SICLEN AVE,INDR44100-00-02,03/23/2020,01:00:00,0006844918
VAN SICLEN AVE,INDR44100-00-02,03/23/2020,05:00:00,0006844935
VAN SICLEN AVE,INDR44100-00-02,03/23/2020,09:00:00,0006845051
VAN SICLEN AVE,INDR44100-00-02,03/23/2020,13:00:00,0006845111
VAN SICLEN AVE,INDR44100-00-02,03/23/2020,17:00:00,0006845168
VAN SICLEN AVE,INDR44100-00-02,03/23/2020,21:00:00,0006845206
VAN SICLEN AVE,INDR44100-00-02,03/24/2020,01:00:00,0006845223
VAN SICLEN AVE,INDR44100-00-02,03/24/2020,05:00:00,0006845239
VAN SICLEN AVE,INDR44100-00-02,03/24/2020,09:00:00,0006845360
VAN SICLEN AVE,INDR44100-00-02,03/24/2020,13:00:00,0006845433
VAN SICLEN AVE,INDR44100-00-02,03/24/2020,17:00:00,0006845506
VAN SICLEN AVE,INDR44100-00-02,03/24/2020,21:00:00,0006845557
VAN SICLEN AVE,INDR44100-00-02,03/25/2020,01:00:00,0006845583
VAN SICLEN AVE,INDR44100-00-02,03/25/2020,05:00:00,0006845598
VAN SICLEN AVE,INDR44100-00-02,03/25/2020,09:00:00,0006845722
VAN SICLEN AVE,INDR44100-00-02,03/25/2020,13:00:00,0006845791
VAN SICLEN AVE,INDR44100-00-02,03/25/2020,17:00:00,0006845856
VAN SICLEN AVE,INDR44100-00-02,03/25/2020,21:00:00,0006845900
VAN SICLEN AVE,INDR44100-00-02,03/26/2020,01:00:00,0006845926
VAN SICLEN AVE,INDR44100-00-02,03/26/2020,05:00:00,0006845943
VAN SICLEN AVE,INDR44100-00-02,03/26/2020,09:00:00,0006846052
VAN SICLEN AVE,INDR44100-00-02,03/26/2020,13:00:00,0006846117
VAN SICLEN AVE,INDR44100-00-02,03/26/2020,17:00:00,0006846187
VAN SICLEN AVE,INDR44100-00-02,03/26/2020,21:00:00,0006846228
VAN SICLEN AVE,INDR44100-00-02,03/27/2020,01:00:00,0006846248
VAN SICLEN AVE,INDR44100-00-02,03/27/2020,05:00:00,0006846272
VAN SICLEN AVE,INDR44100-00-02,03/27/2020,09:00:00,0006846386
VAN SICLEN AVE,INDR44100-00-02,03/27/2020,13:00:00,0006846452
VAN SICLEN AVE,INDR44100-00-02,03/27/2020,17:00:00,0006846528
VAN SICLEN AVE,INDR44100-00-02,03/27/2020,21:00:00,0006846579
VAN SICLEN AVE,INDR44100-00-00,03/28/2020,01:00:00,0006807157
VAN SICLEN AVE,INDR44100-00-00,03/28/2020,05:00:00,0006807163
VAN SICLEN AVE,INDR44100-00-00,03/28/2020,09:00:00,0006807212
VAN SICLEN AVE,INDR44100-00-00,03/28/2020,13:00:00,0006807246
VAN SICLEN AVE,INDR44100-00-00,03/28/2020,17:00:00,0006807285
VAN SICLEN AVE,INDR44100-00-00,03/28/2020,21:00:00,0006807307
VAN SICLEN AVE,INDR44100-00-00,03/29/2020,01:00:00,0006807322
VAN SICLEN AVE,INDR44100-00-00,03/29/2020,05:00:00,0006807329
VAN SICLEN AVE,INDR44100-00-00,03/29/2020,09:00:00,0006807366
VAN SICLEN AVE,INDR44100-00-00,03/29/2020,13:00:00,0006807396
VAN SICLEN AVE,INDR44100-00-00,03/29/2020,17:00:00,0006807439
VAN SICLEN AVE,INDR44100-00-00,03/29/2020,21:00:00,0006807467
VAN SICLEN AVE,INDR44100-00-00,03/30/2020,01:00:00,0006807478
VAN SICLEN AVE,INDR44100-00-00,03/30/2020,05:00:00,0006807489
VAN SICLEN AVE,INDR44100-00-00,03/30/2020,09:00:00,0006807604
VAN SICLEN AVE,INDR44100-00-00,03/30/2020,13:00:00,0006807666
VAN SICLEN AVE,INDR44100-00-00,03/30/2020,21:00:00,0006807751
VAN SICLEN AVE,INDR44100-00-00,03/31/2020,01:00:00,0006807763
VAN SICLEN AVE,INDR44100-00-00,03/31/2020,05:00:00,0006807771
VAN SICLEN AVE,INDR44100-00-00,03/31/2020,09:00:00,0006807872
VAN SICLEN AVE,INDR44100-00-00,03/31/2020,13:00:00,0006807913
VAN SICLEN AVE,INDR44100-00-00,03/31/2020,17:00:00,0006807961
VAN SICLEN AVE,INDR44100-00-00,03/31/2020,21:00:00,0006807989
VAN SICLEN AVE,INDR44100-00-00,04/01/2020,01:00:00,0006808005
VAN SICLEN AVE,INDR44100-00-00,04/01/2020,05:00:00,0006808015
VAN SICLEN AVE,INDR44100-00-00,04/01/2020,09:00:00,0006808120
VAN SICLEN AVE,INDR44100-00-00,04/01/2020,13:00:00,0006808167
VAN SICLEN AVE,INDR44100-00-00,04/01/2020,17:00:00,0006808224
VAN SICLEN AVE,INDR44100-00-00,04/01/2020,21:00:00,0006808255
VAN SICLEN AVE,INDR44100-00-00,04/02/2020,01:00:00,0006808273
VAN SICLEN AVE,INDR44100-00-00,04/02/2020,05:00:00,0006808283
VAN SICLEN AVE,INDR44100-00-00,04/02/2020,09:00:00,0006808389
VAN SICLEN AVE,INDR44100-00-00,04/02/2020,13:00:00,0006808436
VAN SICLEN AVE,INDR44100-00-00,04/02/2020,17:00:00,0006808485
VAN SICLEN AVE,INDR44100-00-00,04/02/2020,21:00:00,0006808511
VAN SICLEN AVE,INDR44100-00-00,04/03/2020,01:00:00,0006808532
VAN SICLEN AVE,INDR44100-00-00,04/03/2020,05:00:00,0006808541
VAN SICLEN AVE,INDR44100-00-00,04/03/2020,09:00:00,0006808630
VAN SICLEN AVE,INDR44100-00-00,04/03/2020,13:00:00,0006808676
VAN SICLEN AVE,INDR44100-00-00,04/03/2020,17:00:00,0006808740
VAN SICLEN AVE,INDR44100-00-00,04/03/2020,21:00:00,0006808761
VAN SICLEN AVE,INDR44100-00-01,03/28/2020,01:00:00,0000012076
VAN SICLEN AVE,INDR44100-00-01,03/28/2020,05:00:00,0000012078
VAN SICLEN AVE,INDR44100-00-01,03/28/2020,09:00:00,0000012096
VAN SICLEN AVE,INDR44100-00-01,03/28/2020,13:00:00,0000012114
VAN SICLEN AVE,INDR44100-00-01,03/28/2020,17:00:00,0000012135
VAN SICLEN AVE,INDR44100-00-01,03/28/2020,21:00:00,0000012143
VAN SICLEN AVE,INDR44100-00-01,03/29/2020,01:00:00,0000012147
VAN SICLEN AVE,INDR44100-00-01,03/29/2020,05:00:00,0000012149
VAN SICLEN AVE,INDR44100-00-01,03/29/2020,09:00:00,0000012163
VAN SICLEN AVE,INDR44100-00-01,03/29/2020,13:00:00,0000012169
VAN SICLEN AVE,INDR44100-00-01,03/29/2020,17:00:00,0000012181
VAN SICLEN AVE,INDR44100-00-01,03/29/2020,21:00:00,0000012191
VAN SICLEN AVE,INDR44100-00-01,03/30/2020,01:00:00,0000012197
VAN SICLEN AVE,INDR44100-00-01,03/30/2020,05:00:00,0000012201
VAN SICLEN AVE,INDR44100-00-01,03/30/2020,09:00:00,0000012253
VAN SICLEN AVE,INDR44100-00-01,03/30/2020,13:00:00,0000012277
VAN SICLEN AVE,INDR44100-00-01,03/30/2020,21:00:00,0000012312
VAN SICLEN AVE,INDR44100-00-01,03/31/2020,01:00:00,0000012322
VAN SICLEN AVE,INDR44100-00-01,03/31/2020,05:00:00,0000012326
VAN SICLEN AVE,INDR44100-00-01,03/31/2020,09:00:00,0000012374
VAN SICLEN AVE,INDR44100-00-01,03/31/2020,13:00:00,0000012396
VAN SICLEN AVE,INDR44100-00-01,03/31/2020,17:00:00,0000012417
VAN SICLEN AVE,INDR44100-00-01,03/31/2020,21:00:00,0000012436
VAN SICLEN AVE,INDR44100-00-01,04/01/2020,01:00:00,0000012441
VAN SICLEN AVE,INDR44100-00-01,04/01/2020,05:00:00,0000012445
VAN SICLEN AVE,INDR44100-00-01,04/01/2020,09:00:00,0000012486
VAN SICLEN AVE,INDR44100-00-01,04/01/2020,13:00:00,0000012509
VAN SICLEN AVE,INDR44100-00-01,04/01/2020,17:00:00,0000012535
VAN SICLEN AVE,INDR44100-00-01,04/01/2020,21:00:00,0000012552
VAN SICLEN AVE,INDR44100-00-01,04/02/2020,01:00:00,0000012557
VAN SICLEN AVE,INDR44100-00-01,04/02/2020,05:00:00,0000012562
VAN SICLEN AVE,INDR44100-00-01,04/02/2020,09:00:00,0000012602
VAN SICLEN AVE,INDR44100-00-01,04/02/2020,13:00:00,0000012621
VAN SICLEN AVE,INDR44100-00-01,04/02/2020,17:00:00,0000012647
VAN SICLEN AVE,INDR44100-00-01,04/02/2020,21:00:00,0000012671
VAN SICLEN AVE,INDR44100-00-01,04/03/2020,01:00:00,0000012679
VAN SICLEN AVE,INDR44100-00-01,04/03/2020,05:00:00,0000012680
VAN SICLEN AVE,INDR44100-00-01,04/03/2020,09:00:00,0000012720
VAN SICLEN AVE,INDR44100-00-01,04/03/2020,13:00:00,0000012750
VAN SICLEN AVE,INDR44100-00-01,04/03/2020,17:00:00,0000012777
VAN SICLEN AVE,INDR44100-00-01,04/03/2020,21:00:00,0000012786
VAN SICLEN AVE,INDR44100-00-02,03/28/2020,01:00:00,0006846610
VAN SICLEN AVE,INDR44100-00-02,03/28/2020,05:00:00,0006846621
VAN SICLEN AVE,INDR44100-00-02,03/28/2020,09:00:00,0006846672
VAN SICLEN AVE,INDR44100-00-02,03/28/2020,13:00:00,0006846716
VAN SICLEN AVE,INDR44100-00-02,03/28/2020,17:00:00,0006846772
VAN SICLEN AVE,INDR44100-00-02,03/28/2020,21:00:00,0006846804
VAN SICLEN AVE,INDR44100-00-02,03/29/2020,01:00:00,0006846824
VAN SICLEN AVE,INDR44100-00-02,03/29/2020,05:00:00,0006846827
VAN SICLEN AVE,INDR44100-00-02,03/29/2020,09:00:00,0006846866
VAN SICLEN AVE,INDR44100-00-02,03/29/2020,13:00:00,0006846904
VAN SICLEN AVE,INDR44100-00-02,03/29/2020,17:00:00,0006846958
VAN SICLEN AVE,INDR44100-00-02,03/29/2020,21:00:00,0006846985
VAN SICLEN AVE,INDR44100-00-02,03/30/2020,01:00:00,0006847001
VAN SICLEN AVE,INDR44100-00-02,03/30/2020,05:00:00,0006847009
VAN SICLEN AVE,INDR44100-00-02,03/30/2020,09:00:00,0006847109
VAN SICLEN AVE,INDR44100-00-02,03/30/2020,13:00:00,0006847172
VAN SICLEN AVE,INDR44100-00-02,03/30/2020,21:00:00,0006847257
VAN SICLEN AVE,INDR44100-00-02,03/31/2020,01:00:00,0006847273
VAN SICLEN AVE,INDR44100-00-02,03/31/2020,05:00:00,0006847279
VAN SICLEN AVE,INDR44100-00-02,03/31/2020,09:00:00,0006847370
VAN SICLEN AVE,INDR44100-00-02,03/31/2020,13:00:00,0006847420
VAN SICLEN AVE,INDR44100-00-02,03/31/2020,17:00:00,0006847476
VAN SICLEN AVE,INDR44100-00-02,03/31/2020,21:00:00,0006847513
VAN SICLEN AVE,INDR44100-00-02,04/01/2020,01:00:00,0006847535
VAN SICLEN AVE,INDR44100-00-02,04/01/2020,05:00:00,0006847547
VAN SICLEN AVE,INDR44100-00-02,04/01/2020,09:00:00,0006847643
VAN SICLEN AVE,INDR44100-00-02,04/01/2020,13:00:00,0006847704
VAN SICLEN AVE,INDR44100-00-02,04/01/2020,17:00:00,0006847760
VAN SICLEN AVE,INDR44100-00-02,04/01/2020,21:00:00,0006847801
VAN SICLEN AVE,INDR44100-00-02,04/02/2020,01:00:00,0006847821
VAN SICLEN AVE,INDR44100-00-02,04/02/2020,05:00:00,0006847829
VAN SICLEN AVE,INDR44100-00-02,04/02/2020,09:00:00,0006847921
VAN SICLEN AVE,INDR44100-00-02,04/02/2020,13:00:00,0006847975
VAN SICLEN AVE,INDR44100-00-02,04/02/2020,17:00:00,0006848021
VAN SICLEN AVE,INDR44100-00-02,04/02/2020,21:00:00,0006848060
VAN SICLEN AVE,INDR44100-00-02,04/03/2020,01:00:00,0006848075
VAN SICLEN AVE,INDR44100-00-02,04/03/2020,05:00:00,0006848087
VAN SICLEN AVE,INDR44100-00-02,04/03/2020,09:00:00,0006848173
VAN SICLEN AVE,INDR44100-00-02,04/03/2020,13:00:00,0006848234
VAN SICLEN AVE,INDR44100-00-02,04/03/2020,17:00:00,0006848280
VAN SICLEN AVE,INDR44100-00-02,04/03/2020,21:00:00,0006848322
VAN SICLEN AVE,INDR44100-00-00,04/04/2020,01:00:00,0006808779
VAN SICLEN AVE,INDR44100-00-00,04/04/2020,05:00:00,0006808785
VAN SICLEN AVE,INDR44100-00-00,04/04/2020,09:00:00,0006808838
VAN SICLEN AVE,INDR44100-00-00,04/04/2020,13:00:00,0006808865
VAN SICLEN AVE,INDR44100-00-00,04/04/2020,17:00:00,0006808900
VAN SICLEN AVE,INDR44100-00-00,04/04/2020,21:00:00,0006808929
VAN SICLEN AVE,INDR44100-00-00,04/05/2020,01:00:00,0006808944
VAN SICLEN AVE,INDR44100-00-00,04/05/2020,05:00:00,0006808954
VAN SICLEN AVE,INDR44100-00-00,04/05/2020,09:00:00,0006808988
VAN SICLEN AVE,INDR44100-00-00,04/05/2020,13:00:00,0006809012
VAN SICLEN AVE,INDR44100-00-00,04/05/2020,17:00:00,0006809043
VAN SICLEN AVE,INDR44100-00-00,04/05/2020,21:00:00,0006809062
VAN SICLEN AVE,INDR44100-00-00,04/06/2020,01:00:00,0006809071
VAN SICLEN AVE,INDR44100-00-00,04/06/2020,05:00:00,0006809075
VAN SICLEN AVE,INDR44100-00-00,04/06/2020,09:00:00,0006809179
VAN SICLEN AVE,INDR44100-00-00,04/06/2020,13:00:00,0006809226
VAN SICLEN AVE,INDR44100-00-00,04/06/2020,17:00:00,0006809276
VAN SICLEN AVE,INDR44100-00-00,04/06/2020,21:00:00,0006809310
VAN SICLEN AVE,INDR44100-00-00,04/07/2020,01:00:00,0006809322
VAN SICLEN AVE,INDR44100-00-00,04/07/2020,05:00:00,0006809333
VAN SICLEN AVE,INDR44100-00-00,04/07/2020,09:00:00,0006809406
VAN SICLEN AVE,INDR44100-00-00,04/07/2020,13:00:00,0006809446
VAN SICLEN AVE,INDR44100-00-00,04/07/2020,17:00:00,0006809497
VAN SICLEN AVE,INDR44100-00-00,04/07/2020,21:00:00,0006809530
VAN SICLEN AVE,INDR44100-00-00,04/08/2020,01:00:00,0006809543
VAN SICLEN AVE,INDR44100-00-00,04/08/2020,05:00:00,0006809552
VAN SICLEN AVE,INDR44100-00-00,04/08/2020,09:00:00,0006809622
VAN SICLEN AVE,INDR44100-00-00,04/08/2020,13:00:00,0006809664
VAN SICLEN AVE,INDR44100-00-00,04/08/2020,17:00:00,0006809716
VAN SICLEN AVE,INDR44100-00-00,04/08/2020,21:00:00,0006809740
VAN SICLEN AVE,INDR44100-00-00,04/09/2020,01:00:00,0006809758
VAN SICLEN AVE,INDR44100-00-00,04/09/2020,05:00:00,0006809764
VAN SICLEN AVE,INDR44100-00-00,04/09/2020,09:00:00,0006809846
VAN SICLEN AVE,INDR44100-00-00,04/09/2020,13:00:00,0006809879
VAN SICLEN AVE,INDR44100-00-00,04/09/2020,17:00:00,0006809937
VAN SICLEN AVE,INDR44100-00-00,04/09/2020,21:00:00,0006809959
VAN SICLEN AVE,INDR44100-00-00,04/10/2020,01:00:00,0006809975
VAN SICLEN AVE,INDR44100-00-00,04/10/2020,05:00:00,0006809986
VAN SICLEN AVE,INDR44100-00-00,04/10/2020,09:00:00,0006810070
VAN SICLEN AVE,INDR44100-00-00,04/10/2020,13:00:00,0006810103
VAN SICLEN AVE,INDR44100-00-00,04/10/2020,17:00:00,0006810163
VAN SICLEN AVE,INDR44100-00-00,04/10/2020,21:00:00,0006810191
VAN SICLEN AVE,INDR44100-00-01,04/04/2020,01:00:00,0000012792
VAN SICLEN AVE,INDR44100-00-01,04/04/2020,05:00:00,0000012795
VAN SICLEN AVE,INDR44100-00-01,04/04/2020,09:00:00,0000012809
VAN SICLEN AVE,INDR44100-00-01,04/04/2020,13:00:00,0000012825
VAN SICLEN AVE,INDR44100-00-01,04/04/2020,17:00:00,0000012840
VAN SICLEN AVE,INDR44100-00-01,04/04/2020,21:00:00,0000012848
VAN SICLEN AVE,INDR44100-00-01,04/05/2020,01:00:00,0000012854
VAN SICLEN AVE,INDR44100-00-01,04/05/2020,05:00:00,0000012856
VAN SICLEN AVE,INDR44100-00-01,04/05/2020,09:00:00,0000012865
VAN SICLEN AVE,INDR44100-00-01,04/05/2020,13:00:00,0000012875
VAN SICLEN AVE,INDR44100-00-01,04/05/2020,17:00:00,0000012887
VAN SICLEN AVE,INDR44100-00-01,04/05/2020,21:00:00,0000012892
VAN SICLEN AVE,INDR44100-00-01,04/06/2020,01:00:00,0000012897
VAN SICLEN AVE,INDR44100-00-01,04/06/2020,05:00:00,0000012899
VAN SICLEN AVE,INDR44100-00-01,04/06/2020,09:00:00,0000012942
VAN SICLEN AVE,INDR44100-00-01,04/06/2020,13:00:00,0000012967
VAN SICLEN AVE,INDR44100-00-01,04/06/2020,17:00:00,0000012988
VAN SICLEN AVE,INDR44100-00-01,04/06/2020,21:00:00,0000012995
VAN SICLEN AVE,INDR44100-00-01,04/07/2020,01:00:00,0000013005
VAN SICLEN AVE,INDR44100-00-01,04/07/2020,05:00:00,0000013006
VAN SICLEN AVE,INDR44100-00-01,04/07/2020,09:00:00,0000013042
VAN SICLEN AVE,INDR44100-00-01,04/07/2020,13:00:00,0000013058
VAN SICLEN AVE,INDR44100-00-01,04/07/2020,17:00:00,0000013076
VAN SICLEN AVE,INDR44100-00-01,04/07/2020,21:00:00,0000013085
VAN SICLEN AVE,INDR44100-00-01,04/08/2020,01:00:00,0000013090
VAN SICLEN AVE,INDR44100-00-01,04/08/2020,05:00:00,0000013096
VAN SICLEN AVE,INDR44100-00-01,04/08/2020,09:00:00,0000013120
VAN SICLEN AVE,INDR44100-00-01,04/08/2020,13:00:00,0000013139
VAN SICLEN AVE,INDR44100-00-01,04/08/2020,17:00:00,0000013154
VAN SICLEN AVE,INDR44100-00-01,04/08/2020,21:00:00,0000013163
VAN SICLEN AVE,INDR44100-00-01,04/09/2020,01:00:00,0000013167
VAN SICLEN AVE,INDR44100-00-01,04/09/2020,05:00:00,0000013170
VAN SICLEN AVE,INDR44100-00-01,04/09/2020,09:00:00,0000013199
VAN SICLEN AVE,INDR44100-00-01,04/09/2020,13:00:00,0000013219
VAN SICLEN AVE,INDR44100-00-01,04/09/2020,17:00:00,0000013237
VAN SICLEN AVE,INDR44100-00-01,04/09/2020,21:00:00,0000013250
VAN SICLEN AVE,INDR44100-00-01,04/10/2020,01:00:00,0000013259
VAN SICLEN AVE,INDR44100-00-01,04/10/2020,05:00:00,0000013260
VAN SICLEN AVE,INDR44100-00-01,04/10/2020,09:00:00,0000013287
VAN SICLEN AVE,INDR44100-00-01,04/10/2020,13:00:00,0000013311
VAN SICLEN AVE,INDR44100-00-01,04/10/2020,17:00:00,0000013327
VAN SICLEN AVE,INDR44100-00-01,04/10/2020,21:00:00,0000013340
VAN SICLEN AVE,INDR44100-00-02,04/04/2020,01:00:00,0006848339
VAN SICLEN AVE,INDR44100-00-02,04/04/2020,05:00:00,0006848345
VAN SICLEN AVE,INDR44100-00-02,04/04/2020,09:00:00,0006848377
VAN SICLEN AVE,INDR44100-00-02,04/04/2020,13:00:00,0006848405
VAN SICLEN AVE,INDR44100-00-02,04/04/2020,17:00:00,0006848452
VAN SICLEN AVE,INDR44100-00-02,04/04/2020,21:00:00,0006848482
VAN SICLEN AVE,INDR44100-00-02,04/05/2020,01:00:00,0006848498
VAN SICLEN AVE,INDR44100-00-02,04/05/2020,05:00:00,0006848506
VAN SICLEN AVE,INDR44100-00-02,04/05/2020,09:00:00,0006848544
VAN SICLEN AVE,INDR44100-00-02,04/05/2020,13:00:00,0006848573
VAN SICLEN AVE,INDR44100-00-02,04/05/2020,17:00:00,0006848605
VAN SICLEN AVE,INDR44100-00-02,04/05/2020,21:00:00,0006848628
VAN SICLEN AVE,INDR44100-00-02,04/06/2020,01:00:00,0006848645
VAN SICLEN AVE,INDR44100-00-02,04/06/2020,05:00:00,0006848655
VAN SICLEN AVE,INDR44100-00-02,04/06/2020,09:00:00,0006848731
VAN SICLEN AVE,INDR44100-00-02,04/06/2020,13:00:00,0006848776
VAN SICLEN AVE,INDR44100-00-02,04/06/2020,17:00:00,0006848826
VAN SICLEN AVE,INDR44100-00-02,04/06/2020,21:00:00,0006848868
VAN SICLEN AVE,INDR44100-00-02,04/07/2020,01:00:00,0006848884
VAN SICLEN AVE,INDR44100-00-02,04/07/2020,05:00:00,0006848899
VAN SICLEN AVE,INDR44100-00-02,04/07/2020,09:00:00,0006848980
VAN SICLEN AVE,INDR44100-00-02,04/07/2020,13:00:00,0006849026
VAN SICLEN AVE,INDR44100-00-02,04/07/2020,17:00:00,0006849064
VAN SICLEN AVE,INDR44100-00-02,04/07/2020,21:00:00,0006849098
VAN SICLEN AVE,INDR44100-00-02,04/08/2020,01:00:00,0006849119
VAN SICLEN AVE,INDR44100-00-02,04/08/2020,05:00:00,0006849129
VAN SICLEN AVE,INDR44100-00-02,04/08/2020,09:00:00,0006849208
VAN SICLEN AVE,INDR44100-00-02,04/08/2020,13:00:00,0006849248
VAN SICLEN AVE,INDR44100-00-02,04/08/2020,17:00:00,0006849292
VAN SICLEN AVE,INDR44100-00-02,04/08/2020,21:00:00,0006849328
VAN SICLEN AVE,INDR44100-00-02,04/09/2020,01:00:00,0006849354
VAN SICLEN AVE,INDR44100-00-02,04/09/2020,05:00:00,0006849364
VAN SICLEN AVE,INDR44100-00-02,04/09/2020,09:00:00,0006849441
VAN SICLEN AVE,INDR44100-00-02,04/09/2020,13:00:00,0006849493
VAN SICLEN AVE,INDR44100-00-02,04/09/2020,17:00:00,0006849538
VAN SICLEN AVE,INDR44100-00-02,04/09/2020,21:00:00,0006849566
VAN SICLEN AVE,INDR44100-00-02,04/10/2020,01:00:00,0006849577
VAN SICLEN AVE,INDR44100-00-02,04/10/2020,05:00:00,0006849589
VAN SICLEN AVE,INDR44100-00-02,04/10/2020,09:00:00,0006849665
VAN SICLEN AVE,INDR44100-00-02,04/10/2020,13:00:00,0006849704
VAN SICLEN AVE,INDR44100-00-02,04/10/2020,17:00:00,0006849738
VAN SICLEN AVE,INDR44100-00-02,04/10/2020,21:00:00,0006849755
VAN SICLEN AVE,INDR44100-00-00,04/11/2020,01:00:00,0006810201
VAN SICLEN AVE,INDR44100-00-00,04/11/2020,05:00:00,0006810206
VAN SICLEN AVE,INDR44100-00-00,04/11/2020,09:00:00,0006810248
VAN SICLEN AVE,INDR44100-00-00,04/11/2020,13:00:00,0006810269
VAN SICLEN AVE,INDR44100-00-00,04/11/2020,17:00:00,0006810308
VAN SICLEN AVE,INDR44100-00-00,04/11/2020,21:00:00,0006810321
VAN SICLEN AVE,INDR44100-00-00,04/12/2020,01:00:00,0006810335
VAN SICLEN AVE,INDR44100-00-00,04/12/2020,05:00:00,0006810342
VAN SICLEN AVE,INDR44100-00-00,04/12/2020,09:00:00,0006810377
VAN SICLEN AVE,INDR44100-00-00,04/12/2020,13:00:00,0006810401
VAN SICLEN AVE,INDR44100-00-00,04/12/2020,17:00:00,0006810442
VAN SICLEN AVE,INDR44100-00-00,04/12/2020,21:00:00,0006810461
VAN SICLEN AVE,INDR44100-00-00,04/13/2020,01:00:00,0006810470
VAN SICLEN AVE,INDR44100-00-00,04/13/2020,05:00:00,0006810479
VAN SICLEN AVE,INDR44100-00-00,04/13/2020,09:00:00,0006810567
VAN SICLEN AVE,INDR44100-00-00,04/13/2020,13:00:00,0006810592
VAN SICLEN AVE,INDR44100-00-00,04/13/2020,17:00:00,0006810630
VAN SICLEN AVE,INDR44100-00-00,04/13/2020,21:00:00,0006810653
VAN SICLEN AVE,INDR44100-00-00,04/14/2020,01:00:00,0006810661
VAN SICLEN AVE,INDR44100-00-00,04/14/2020,05:00:00,0006810670
VAN SICLEN AVE,INDR44100-00-00,04/14/2020,09:00:00,0006810773
VAN SICLEN AVE,INDR44100-00-00,04/14/2020,13:00:00,0006810818
VAN SICLEN AVE,INDR44100-00-00,04/14/2020,17:00:00,0006810866
VAN SICLEN AVE,INDR44100-00-00,04/14/2020,21:00:00,0006810898
VAN SICLEN AVE,INDR44100-00-00,04/15/2020,01:00:00,0006810913
VAN SICLEN AVE,INDR44100-00-00,04/15/2020,05:00:00,0006810919
VAN SICLEN AVE,INDR44100-00-00,04/15/2020,09:00:00,0006811008
VAN SICLEN AVE,INDR44100-00-00,04/15/2020,13:00:00,0006811059
VAN SICLEN AVE,INDR44100-00-00,04/15/2020,17:00:00,0006811107
VAN SICLEN AVE,INDR44100-00-00,04/15/2020,21:00:00,0006811132
VAN SICLEN AVE,INDR44100-00-00,04/16/2020,01:00:00,0006811149
VAN SICLEN AVE,INDR44100-00-00,04/16/2020,05:00:00,0006811160
VAN SICLEN AVE,INDR44100-00-00,04/16/2020,09:00:00,0006811226
VAN SICLEN AVE,INDR44100-00-00,04/17/2020,05:00:00,0006811257
VAN SICLEN AVE,INDR44100-00-00,04/17/2020,09:00:00,0006811343
VAN SICLEN AVE,INDR44100-00-00,04/17/2020,13:00:00,0006811391
VAN SICLEN AVE,INDR44100-00-00,04/17/2020,17:00:00,0006811440
VAN SICLEN AVE,INDR44100-00-00,04/17/2020,21:00:00,0006811465
VAN SICLEN AVE,INDR44100-00-01,04/11/2020,01:00:00,0000013345
VAN SICLEN AVE,INDR44100-00-01,04/11/2020,05:00:00,0000013345
VAN SICLEN AVE,INDR44100-00-01,04/11/2020,09:00:00,0000013361
VAN SICLEN AVE,INDR44100-00-01,04/11/2020,13:00:00,0000013377
VAN SICLEN AVE,INDR44100-00-01,04/11/2020,17:00:00,0000013387
VAN SICLEN AVE,INDR44100-00-01,04/11/2020,21:00:00,0000013401
VAN SICLEN AVE,INDR44100-00-01,04/12/2020,01:00:00,0000013405
VAN SICLEN AVE,INDR44100-00-01,04/12/2020,05:00:00,0000013405
VAN SICLEN AVE,INDR44100-00-01,04/12/2020,09:00:00,0000013423
VAN SICLEN AVE,INDR44100-00-01,04/12/2020,13:00:00,0000013432
VAN SICLEN AVE,INDR44100-00-01,04/12/2020,17:00:00,0000013441
VAN SICLEN AVE,INDR44100-00-01,04/12/2020,21:00:00,0000013448
VAN SICLEN AVE,INDR44100-00-01,04/13/2020,01:00:00,0000013453
VAN SICLEN AVE,INDR44100-00-01,04/13/2020,05:00:00,0000013459
VAN SICLEN AVE,INDR44100-00-01,04/13/2020,09:00:00,0000013493
VAN SICLEN AVE,INDR44100-00-01,04/13/2020,13:00:00,0000013508
VAN SICLEN AVE,INDR44100-00-01,04/13/2020,17:00:00,0000013520
VAN SICLEN AVE,INDR44100-00-01,04/13/2020,21:00:00,0000013525
VAN SICLEN AVE,INDR44100-00-01,04/14/2020,01:00:00,0000013529
VAN SICLEN AVE,INDR44100-00-01,04/14/2020,05:00:00,0000013531
VAN SICLEN AVE,INDR44100-00-01,04/14/2020,09:00:00,0000013559
VAN SICLEN AVE,INDR44100-00-01,04/14/2020,13:00:00,0000013578
VAN SICLEN AVE,INDR44100-00-01,04/14/2020,17:00:00,0000013597
VAN SICLEN AVE,INDR44100-00-01,04/14/2020,21:00:00,0000013608
VAN SICLEN AVE,INDR44100-00-01,04/15/2020,01:00:00,0000013612
VAN SICLEN AVE,INDR44100-00-01,04/15/2020,05:00:00,0000013616
VAN SICLEN AVE,INDR44100-00-01,04/15/2020,09:00:00,0000013642
VAN SICLEN AVE,INDR44100-00-01,04/15/2020,13:00:00,0000013661
VAN SICLEN AVE,INDR44100-00-01,04/15/2020,17:00:00,0000013676
VAN SICLEN AVE,INDR44100-00-01,04/15/2020,21:00:00,0000013685
VAN SICLEN AVE,INDR44100-00-01,04/16/2020,01:00:00,0000013691
VAN SICLEN AVE,INDR44100-00-01,04/16/2020,05:00:00,0000013696
VAN SICLEN AVE,INDR44100-00-01,04/16/2020,09:00:00,0000013734
VAN SICLEN AVE,INDR44100-00-01,04/17/2020,05:00:00,0000013752
VAN SICLEN AVE,INDR44100-00-01,04/17/2020,09:00:00,0000013774
VAN SICLEN AVE,INDR44100-00-01,04/17/2020,13:00:00,0000013791
VAN SICLEN AVE,INDR44100-00-01,04/17/2020,17:00:00,0000013809
VAN SICLEN AVE,INDR44100-00-01,04/17/2020,21:00:00,0000013822
VAN SICLEN AVE,INDR44100-00-02,04/11/2020,01:00:00,0006849776
VAN SICLEN AVE,INDR44100-00-02,04/11/2020,05:00:00,0006849784
VAN SICLEN AVE,INDR44100-00-02,04/11/2020,09:00:00,0006849825
VAN SICLEN AVE,INDR44100-00-02,04/11/2020,13:00:00,0006849848
VAN SICLEN AVE,INDR44100-00-02,04/11/2020,17:00:00,0006849876
VAN SICLEN AVE,INDR44100-00-02,04/11/2020,21:00:00,0006849901
VAN SICLEN AVE,INDR44100-00-02,04/12/2020,01:00:00,0006849915
VAN SICLEN AVE,INDR44100-00-02,04/12/2020,05:00:00,0006849920
VAN SICLEN AVE,INDR44100-00-02,04/12/2020,09:00:00,0006849950
VAN SICLEN AVE,INDR44100-00-02,04/12/2020,13:00:00,0006849969
VAN SICLEN AVE,INDR44100-00-02,04/12/2020,17:00:00,0006849995
VAN SICLEN AVE,INDR44100-00-02,04/12/2020,21:00:00,0006850011
VAN SICLEN AVE,INDR44100-00-02,04/13/2020,01:00:00,0006850020
VAN SICLEN AVE,INDR44100-00-02,04/13/2020,05:00:00,0006850028
VAN SICLEN AVE,INDR44100-00-02,04/13/2020,09:00:00,0006850096
VAN SICLEN AVE,INDR44100-00-02,04/13/2020,13:00:00,0006850130
VAN SICLEN AVE,INDR44100-00-02,04/13/2020,17:00:00,0006850165
VAN SICLEN AVE,INDR44100-00-02,04/13/2020,21:00:00,0006850197
VAN SICLEN AVE,INDR44100-00-02,04/14/2020,01:00:00,0006850212
VAN SICLEN AVE,INDR44100-00-02,04/14/2020,05:00:00,0006850222
VAN SICLEN AVE,INDR44100-00-02,04/14/2020,09:00:00,0006850299
VAN SICLEN AVE,INDR44100-00-02,04/14/2020,13:00:00,0006850358
VAN SICLEN AVE,INDR44100-00-02,04/14/2020,17:00:00,0006850405
VAN SICLEN AVE,INDR44100-00-02,04/14/2020,21:00:00,0006850442
VAN SICLEN AVE,INDR44100-00-02,04/15/2020,01:00:00,0006850458
VAN SICLEN AVE,INDR44100-00-02,04/15/2020,05:00:00,0006850471
VAN SICLEN AVE,INDR44100-00-02,04/15/2020,09:00:00,0006850556
VAN SICLEN AVE,INDR44100-00-02,04/15/2020,13:00:00,0006850600
VAN SICLEN AVE,INDR44100-00-02,04/15/2020,17:00:00,0006850651
VAN SICLEN AVE,INDR44100-00-02,04/15/2020,21:00:00,0006850683
VAN SICLEN AVE,INDR44100-00-02,04/16/2020,01:00:00,0006850702
VAN SICLEN AVE,INDR44100-00-02,04/16/2020,05:00:00,0006850706
VAN SICLEN AVE,INDR44100-00-02,04/16/2020,09:00:00,0006850780
VAN SICLEN AVE,INDR44100-00-02,04/17/2020,05:00:00,0006850819
VAN SICLEN AVE,INDR44100-00-02,04/17/2020,09:00:00,0006850899
VAN SICLEN AVE,INDR44100-00-02,04/17/2020,13:00:00,0006850941
VAN SICLEN AVE,INDR44100-00-02,04/17/2020,17:00:00,0006850972
VAN SICLEN AVE,INDR44100-00-02,04/17/2020,21:00:00,0006851003
VAN SICLEN AVE,INDR44100-00-00,04/18/2020,01:00:00,0006811475
VAN SICLEN AVE,INDR44100-00-00,04/18/2020,05:00:00,0006811488
VAN SICLEN AVE,INDR44100-00-00,04/18/2020,09:00:00,0006811528
VAN SICLEN AVE,INDR44100-00-00,04/18/2020,13:00:00,0006811563
VAN SICLEN AVE,INDR44100-00-00,04/18/2020,17:00:00,0006811604
VAN SICLEN AVE,INDR44100-00-00,04/18/2020,21:00:00,0006811628
VAN SICLEN AVE,INDR44100-00-00,04/19/2020,01:00:00,0006811639
VAN SICLEN AVE,INDR44100-00-00,04/19/2020,05:00:00,0006811645
VAN SICLEN AVE,INDR44100-00-00,04/19/2020,09:00:00,0006811690
VAN SICLEN AVE,INDR44100-00-00,04/19/2020,13:00:00,0006811709
VAN SICLEN AVE,INDR44100-00-00,04/19/2020,17:00:00,0006811739
VAN SICLEN AVE,INDR44100-00-00,04/19/2020,21:00:00,0006811755
VAN SICLEN AVE,INDR44100-00-00,04/20/2020,01:00:00,0006811765
VAN SICLEN AVE,INDR44100-00-00,04/20/2020,05:00:00,0006811776
VAN SICLEN AVE,INDR44100-00-00,04/20/2020,09:00:00,0006811891
VAN SICLEN AVE,INDR44100-00-00,04/20/2020,13:00:00,0006811929
VAN SICLEN AVE,INDR44100-00-00,04/20/2020,17:00:00,0006811981
VAN SICLEN AVE,INDR44100-00-00,04/20/2020,21:00:00,0006812008
VAN SICLEN AVE,INDR44100-00-00,04/21/2020,01:00:00,0006812021
VAN SICLEN AVE,INDR44100-00-00,04/21/2020,05:00:00,0006812029
VAN SICLEN AVE,INDR44100-00-00,04/21/2020,09:00:00,0006812127
VAN SICLEN AVE,INDR44100-00-00,04/21/2020,13:00:00,0006812167
VAN SICLEN AVE,INDR44100-00-00,04/21/2020,17:00:00,0006812208
VAN SICLEN AVE,INDR44100-00-00,04/21/2020,21:00:00,0006812227
VAN SICLEN AVE,INDR44100-00-00,04/22/2020,01:00:00,0006812240
VAN SICLEN AVE,INDR44100-00-00,04/22/2020,05:00:00,0006812249
VAN SICLEN AVE,INDR44100-00-00,04/22/2020,09:00:00,0006812360
VAN SICLEN AVE,INDR44100-00-00,04/22/2020,13:00:00,0006812398
VAN SICLEN AVE,INDR44100-00-00,04/22/2020,17:00:00,0006812447
VAN SICLEN AVE,INDR44100-00-00,04/22/2020,21:00:00,0006812465
VAN SICLEN AVE,INDR44100-00-00,04/23/2020,01:00:00,0006812481
VAN SICLEN AVE,INDR44100-00-00,04/23/2020,05:00:00,0006812492
VAN SICLEN AVE,INDR44100-00-00,04/23/2020,09:00:00,0006812588
VAN SICLEN AVE,INDR44100-00-00,04/23/2020,13:00:00,0006812626
VAN SICLEN AVE,INDR44100-00-00,04/23/2020,17:00:00,0006812680
VAN SICLEN AVE,INDR44100-00-00,04/23/2020,21:00:00,0006812709
VAN SICLEN AVE,INDR44100-00-00,04/24/2020,01:00:00,0006812728
VAN SICLEN AVE,INDR44100-00-00,04/24/2020,05:00:00,0006812739
VAN SICLEN AVE,INDR44100-00-00,04/24/2020,09:00:00,0006812844
VAN SICLEN AVE,INDR44100-00-00,04/24/2020,13:00:00,0006812906
VAN SICLEN AVE,INDR44100-00-00,04/24/2020,17:00:00,0006812956
VAN SICLEN AVE,INDR44100-00-00,04/24/2020,21:00:00,0006812976
VAN SICLEN AVE,INDR44100-00-01,04/18/2020,01:00:00,0000013826
VAN SICLEN AVE,INDR44100-00-01,04/18/2020,05:00:00,0000013830
VAN SICLEN AVE,INDR44100-00-01,04/18/2020,09:00:00,0000013843
VAN SICLEN AVE,INDR44100-00-01,04/18/2020,13:00:00,0000013859
VAN SICLEN AVE,INDR44100-00-01,04/18/2020,17:00:00,0000013874
VAN SICLEN AVE,INDR44100-00-01,04/18/2020,21:00:00,0000013884
VAN SICLEN AVE,INDR44100-00-01,04/19/2020,01:00:00,0000013891
VAN SICLEN AVE,INDR44100-00-01,04/19/2020,05:00:00,0000013894
VAN SICLEN AVE,INDR44100-00-01,04/19/2020,09:00:00,0000013910
VAN SICLEN AVE,INDR44100-00-01,04/19/2020,13:00:00,0000013922
VAN SICLEN AVE,INDR44100-00-01,04/19/2020,17:00:00,0000013935
VAN SICLEN AVE,INDR44100-00-01,04/19/2020,21:00:00,0000013942
VAN SICLEN AVE,INDR44100-00-01,04/20/2020,01:00:00,0000013945
VAN SICLEN AVE,INDR44100-00-01,04/20/2020,05:00:00,0000013947
VAN SICLEN AVE,INDR44100-00-01,04/20/2020,09:00:00,0000013989
VAN SICLEN AVE,INDR44100-00-01,04/20/2020,13:00:00,0000014015
VAN SICLEN AVE,INDR44100-00-01,04/20/2020,17:00:00,0000014039
VAN SICLEN AVE,INDR44100-00-01,04/20/2020,21:00:00,0000014050
VAN SICLEN AVE,INDR44100-00-01,04/21/2020,01:00:00,0000014056
VAN SICLEN AVE,INDR44100-00-01,04/21/2020,05:00:00,0000014061
VAN SICLEN AVE,INDR44100-00-01,04/21/2020,09:00:00,0000014100
VAN SICLEN AVE,INDR44100-00-01,04/21/2020,13:00:00,0000014119
VAN SICLEN AVE,INDR44100-00-01,04/21/2020,17:00:00,0000014138
VAN SICLEN AVE,INDR44100-00-01,04/21/2020,21:00:00,0000014147
VAN SICLEN AVE,INDR44100-00-01,04/22/2020,01:00:00,0000014155
VAN SICLEN AVE,INDR44100-00-01,04/22/2020,05:00:00,0000014158
VAN SICLEN AVE,INDR44100-00-01,04/22/2020,09:00:00,0000014187
VAN SICLEN AVE,INDR44100-00-01,04/22/2020,13:00:00,0000014205
VAN SICLEN AVE,INDR44100-00-01,04/22/2020,17:00:00,0000014227
VAN SICLEN AVE,INDR44100-00-01,04/22/2020,21:00:00,0000014239
VAN SICLEN AVE,INDR44100-00-01,04/23/2020,01:00:00,0000014248
VAN SICLEN AVE,INDR44100-00-01,04/23/2020,05:00:00,0000014252
VAN SICLEN AVE,INDR44100-00-01,04/23/2020,09:00:00,0000014285
VAN SICLEN AVE,INDR44100-00-01,04/23/2020,13:00:00,0000014312
VAN SICLEN AVE,INDR44100-00-01,04/23/2020,21:00:00,0000014351
VAN SICLEN AVE,INDR44100-00-01,04/24/2020,01:00:00,0000014356
VAN SICLEN AVE,INDR44100-00-01,04/24/2020,05:00:00,0000014361
VAN SICLEN AVE,INDR44100-00-01,04/24/2020,09:00:00,0000014389
VAN SICLEN AVE,INDR44100-00-01,04/24/2020,13:00:00,0000014408
VAN SICLEN AVE,INDR44100-00-01,04/24/2020,17:00:00,0000014428
VAN SICLEN AVE,INDR44100-00-01,04/24/2020,21:00:00,0000014440
VAN SICLEN AVE,INDR44100-00-02,04/18/2020,01:00:00,0006851023
VAN SICLEN AVE,INDR44100-00-02,04/18/2020,05:00:00,0006851032
VAN SICLEN AVE,INDR44100-00-02,04/18/2020,09:00:00,0006851077
VAN SICLEN AVE,INDR44100-00-02,04/18/2020,13:00:00,0006851097
VAN SICLEN AVE,INDR44100-00-02,04/18/2020,17:00:00,0006851132
VAN SICLEN AVE,INDR44100-00-02,04/18/2020,21:00:00,0006851155
VAN SICLEN AVE,INDR44100-00-02,04/19/2020,01:00:00,0006851169
VAN SICLEN AVE,INDR44100-00-02,04/19/2020,05:00:00,0006851176
VAN SICLEN AVE,INDR44100-00-02,04/19/2020,09:00:00,0006851206
VAN SICLEN AVE,INDR44100-00-02,04/19/2020,13:00:00,0006851240
VAN SICLEN AVE,INDR44100-00-02,04/19/2020,17:00:00,0006851273
VAN SICLEN AVE,INDR44100-00-02,04/19/2020,21:00:00,0006851298
VAN SICLEN AVE,INDR44100-00-02,04/20/2020,01:00:00,0006851312
VAN SICLEN AVE,INDR44100-00-02,04/20/2020,05:00:00,0006851319
VAN SICLEN AVE,INDR44100-00-02,04/20/2020,09:00:00,0006851389
VAN SICLEN AVE,INDR44100-00-02,04/20/2020,13:00:00,0006851432
VAN SICLEN AVE,INDR44100-00-02,04/20/2020,17:00:00,0006851470
VAN SICLEN AVE,INDR44100-00-02,04/20/2020,21:00:00,0006851490
VAN SICLEN AVE,INDR44100-00-02,04/21/2020,01:00:00,0006851501
VAN SICLEN AVE,INDR44100-00-02,04/21/2020,05:00:00,0006851512
VAN SICLEN AVE,INDR44100-00-02,04/21/2020,09:00:00,0006851582
VAN SICLEN AVE,INDR44100-00-02,04/21/2020,13:00:00,0006851610
VAN SICLEN AVE,INDR44100-00-02,04/21/2020,17:00:00,0006851641
VAN SICLEN AVE,INDR44100-00-02,04/21/2020,21:00:00,0006851675
VAN SICLEN AVE,INDR44100-00-02,04/22/2020,01:00:00,0006851691
VAN SICLEN AVE,INDR44100-00-02,04/22/2020,05:00:00,0006851701
VAN SICLEN AVE,INDR44100-00-02,04/22/2020,09:00:00,0006851785
VAN SICLEN AVE,INDR44100-00-02,04/22/2020,13:00:00,0006851840
VAN SICLEN AVE,INDR44100-00-02,04/22/2020,17:00:00,0006851893
VAN SICLEN AVE,INDR44100-00-02,04/22/2020,21:00:00,0006851916
VAN SICLEN AVE,INDR44100-00-02,04/23/2020,01:00:00,0006851935
VAN SICLEN AVE,INDR44100-00-02,04/23/2020,05:00:00,0006851945
VAN SICLEN AVE,INDR44100-00-02,04/23/2020,09:00:00,0006852021
VAN SICLEN AVE,INDR44100-00-02,04/23/2020,13:00:00,0006852063
VAN SICLEN AVE,INDR44100-00-02,04/23/2020,17:00:00,0006852100
VAN SICLEN AVE,INDR44100-00-02,04/23/2020,21:00:00,0006852130
VAN SICLEN AVE,INDR44100-00-02,04/24/2020,01:00:00,0006852147
VAN SICLEN AVE,INDR44100-00-02,04/24/2020,05:00:00,0006852156
VAN SICLEN AVE,INDR44100-00-02,04/24/2020,09:00:00,0006852214
VAN SICLEN AVE,INDR44100-00-02,04/24/2020,13:00:00,0006852253
VAN SICLEN AVE,INDR44100-00-02,04/24/2020,17:00:00,0006852301
VAN SICLEN AVE,INDR44100-00-02,04/24/2020,21:00:00,0006852334
